seq,n,w,w_vector,status_at_freeze,reported_class,training_id,prototype_path_length
1,1,y^{-1},-2,certified,,ms-train-0001,7
2,2,y^{-1},-2,certified,,ms-train-0002,8
3,3,y^{-1},-2,certified,,ms-train-0003,9
4,4,y^{-1},-2,certified,,ms-train-0004,10
5,5,y^{-1},-2,certified,,ms-train-0005,11
6,6,y^{-1},-2,certified,,ms-train-0006,12
7,7,y^{-1},-2,certified,,ms-train-0007,13
8,1,y,2,certified,,ms-train-0008,6
9,2,y,2,certified,,ms-train-0009,7
10,3,y,2,certified,,ms-train-0010,8
11,4,y,2,certified,,ms-train-0011,9
12,5,y,2,certified,,ms-train-0012,10
13,6,y,2,certified,,ms-train-0013,11
14,7,y,2,certified,,ms-train-0014,12
15,1,y^{2},2 2,certified,,ms-train-0015,11
16,2,y^{2},2 2,certified,,ms-train-0016,12
17,3,y^{2},2 2,certified,,ms-train-0017,12
18,4,y^{2},2 2,certified,,ms-train-0018,15
19,5,y^{2},2 2,certified,,ms-train-0019,14
20,6,y^{2},2 2,certified,,ms-train-0020,19
21,7,y^{2},2 2,certified,,ms-train-0021,23
22,1,y^{-2},-2 -2,certified,,ms-train-0022,8
23,2,y^{-2},-2 -2,certified,,ms-train-0023,9
24,3,y^{-2},-2 -2,certified,,ms-train-0024,10
25,4,y^{-2},-2 -2,certified,,ms-train-0025,11
26,5,y^{-2},-2 -2,certified,,ms-train-0026,12
27,6,y^{-2},-2 -2,certified,,ms-train-0027,13
28,7,y^{-2},-2 -2,certified,,ms-train-0028,14
29,1,y^{3},2 2 2,certified,,ms-train-0029,18
30,2,y^{3},2 2 2,certified,,ms-train-0030,9
31,3,y^{3},2 2 2,certified,,ms-train-0031,11
32,4,y^{3},2 2 2,certified,,ms-train-0032,13
33,5,y^{3},2 2 2,certified,,ms-train-0033,13
34,6,y^{3},2 2 2,certified,,ms-train-0034,16
35,7,y^{3},2 2 2,certified,,ms-train-0035,23
36,1,y^{-3},-2 -2 -2,certified,,ms-train-0036,9
37,2,y^{-3},-2 -2 -2,certified,,ms-train-0037,9
38,3,y^{-3},-2 -2 -2,certified,,ms-train-0038,10
39,4,y^{-3},-2 -2 -2,certified,,ms-train-0039,11
40,5,y^{-3},-2 -2 -2,certified,,ms-train-0040,14
41,6,y^{-3},-2 -2 -2,certified,,ms-train-0041,13
42,7,y^{-3},-2 -2 -2,certified,,ms-train-0042,12
43,1,y^{-4},-2 -2 -2 -2,certified,,ms-train-0043,10
44,2,y^{-4},-2 -2 -2 -2,certified,,ms-train-0044,12
45,3,y^{-4},-2 -2 -2 -2,certified,,ms-train-0045,10
46,4,y^{-4},-2 -2 -2 -2,certified,,ms-train-0046,11
47,5,y^{-4},-2 -2 -2 -2,certified,,ms-train-0047,12
48,6,y^{-4},-2 -2 -2 -2,certified,,ms-train-0048,15
49,7,y^{-4},-2 -2 -2 -2,certified,,ms-train-0049,14
50,1,x^{-1}y^{-1}xy,-1 -2 1 2,certified,,ms-train-0050,10
51,2,x^{-1}y^{-1}xy,-1 -2 1 2,certified,,ms-train-0051,28
52,3,x^{-1}y^{-1}xy,-1 -2 1 2,certified,,ms-train-0052,63
53,4,x^{-1}y^{-1}xy,-1 -2 1 2,certified,,ms-train-0053,138
54,5,x^{-1}y^{-1}xy,-1 -2 1 2,uncertified,,,
55,6,x^{-1}y^{-1}xy,-1 -2 1 2,uncertified,,,
56,7,x^{-1}y^{-1}xy,-1 -2 1 2,uncertified,,,
57,1,x^{-1}y^{-1}xy^{-1},-1 -2 1 -2,certified,,ms-train-0054,19
58,2,x^{-1}y^{-1}xy^{-1},-1 -2 1 -2,uncertified,,,
59,3,x^{-1}y^{-1}xy^{-1},-1 -2 1 -2,open,13_1,,
60,4,x^{-1}y^{-1}xy^{-1},-1 -2 1 -2,open,15_1,,
61,5,x^{-1}y^{-1}xy^{-1},-1 -2 1 -2,open,16_1,,
62,6,x^{-1}y^{-1}xy^{-1},-1 -2 1 -2,open,20_9,,
63,7,x^{-1}y^{-1}xy^{-1},-1 -2 1 -2,open,22_{14},,
64,1,yxyx^{-1},2 1 2 -1,certified,,ms-train-0055,15
65,2,yxyx^{-1},2 1 2 -1,uncertified,,,
66,3,yxyx^{-1},2 1 2 -1,open,13_1,,
67,4,yxyx^{-1},2 1 2 -1,open,15_1,,
68,5,yxyx^{-1},2 1 2 -1,open,16_1,,
69,6,yxyx^{-1},2 1 2 -1,open,20_8,,
70,7,yxyx^{-1},2 1 2 -1,open,22_{13},,
71,1,y^{4},2 2 2 2,certified,,ms-train-0056,18
72,2,y^{4},2 2 2 2,certified,,ms-train-0057,24
73,3,y^{4},2 2 2 2,certified,,ms-train-0058,10
74,4,y^{4},2 2 2 2,certified,,ms-train-0059,28
75,5,y^{4},2 2 2 2,certified,,ms-train-0060,19
76,6,y^{4},2 2 2 2,certified,,ms-train-0061,29
77,7,y^{4},2 2 2 2,certified,,ms-train-0062,14
78,1,yxy^{-1}x^{-1},2 1 -2 -1,certified,,ms-train-0063,8
79,2,yxy^{-1}x^{-1},2 1 -2 -1,certified,,ms-train-0064,27
80,3,yxy^{-1}x^{-1},2 1 -2 -1,certified,,ms-train-0065,64
81,4,yxy^{-1}x^{-1},2 1 -2 -1,certified,,ms-train-0066,155
82,5,yxy^{-1}x^{-1},2 1 -2 -1,uncertified,,,
83,6,yxy^{-1}x^{-1},2 1 -2 -1,uncertified,,,
84,7,yxy^{-1}x^{-1},2 1 -2 -1,uncertified,,,
85,1,x^{-1}y^{-1}xy^{2},-1 -2 1 2 2,certified,,ms-train-0067,9
86,2,x^{-1}y^{-1}xy^{2},-1 -2 1 2 2,certified,,ms-train-0068,27
87,3,x^{-1}y^{-1}xy^{2},-1 -2 1 2 2,certified,,ms-train-0069,45
88,4,x^{-1}y^{-1}xy^{2},-1 -2 1 2 2,open,14_1,,
89,5,x^{-1}y^{-1}xy^{2},-1 -2 1 2 2,uncertified,,,
90,6,x^{-1}y^{-1}xy^{2},-1 -2 1 2 2,open,19_{34},,
91,7,x^{-1}y^{-1}xy^{2},-1 -2 1 2 2,open,19_{38},,
92,1,yx^{-1}y^{-1}xy,2 -1 -2 1 2,certified,,ms-train-0070,9
93,2,yx^{-1}y^{-1}xy,2 -1 -2 1 2,certified,,ms-train-0071,33
94,3,yx^{-1}y^{-1}xy,2 -1 -2 1 2,certified,,ms-train-0072,86
95,4,yx^{-1}y^{-1}xy,2 -1 -2 1 2,uncertified,,,
96,5,yx^{-1}y^{-1}xy,2 -1 -2 1 2,uncertified,,,
97,6,yx^{-1}y^{-1}xy,2 -1 -2 1 2,uncertified,,,
98,7,yx^{-1}y^{-1}xy,2 -1 -2 1 2,uncertified,,,
99,1,yxyx^{-1}y^{-1},2 1 2 -1 -2,certified,,ms-train-0073,11
100,2,yxyx^{-1}y^{-1},2 1 2 -1 -2,certified,,ms-train-0074,73
101,3,yxyx^{-1}y^{-1},2 1 2 -1 -2,open,13_1,,
102,4,yxyx^{-1}y^{-1},2 1 2 -1 -2,open,15_1,,
103,5,yxyx^{-1}y^{-1},2 1 2 -1 -2,open,16_1,,
104,6,yxyx^{-1}y^{-1},2 1 2 -1 -2,open,17_1,,
105,7,yxyx^{-1}y^{-1},2 1 2 -1 -2,open,21_1,,
106,1,yxyx^{-1}y,2 1 2 -1 2,certified,,ms-train-0075,16
107,2,yxyx^{-1}y,2 1 2 -1 2,uncertified,,,
108,3,yxyx^{-1}y,2 1 2 -1 2,open,13_1,,
109,4,yxyx^{-1}y,2 1 2 -1 2,open,15_1,,
110,5,yxyx^{-1}y,2 1 2 -1 2,open,16_1,,
111,6,yxyx^{-1}y,2 1 2 -1 2,open,20_8,,
112,7,yxyx^{-1}y,2 1 2 -1 2,open,23_{21},,
113,1,x^{-1}y^{-1}xy^{-2},-1 -2 1 -2 -2,certified,,ms-train-0076,14
114,2,x^{-1}y^{-1}xy^{-2},-1 -2 1 -2 -2,certified,,ms-train-0077,61
115,3,x^{-1}y^{-1}xy^{-2},-1 -2 1 -2 -2,uncertified,,,
116,4,x^{-1}y^{-1}xy^{-2},-1 -2 1 -2 -2,open,15_{11},,
117,5,x^{-1}y^{-1}xy^{-2},-1 -2 1 -2 -2,open,14_1,,
118,6,x^{-1}y^{-1}xy^{-2},-1 -2 1 -2 -2,open,17_{36},,
119,7,x^{-1}y^{-1}xy^{-2},-1 -2 1 -2 -2,open,21_{37},,
120,1,yxy^{-1}x^{-1}y,2 1 -2 -1 2,certified,,ms-train-0078,10
121,2,yxy^{-1}x^{-1}y,2 1 -2 -1 2,certified,,ms-train-0079,64
122,3,yxy^{-1}x^{-1}y,2 1 -2 -1 2,uncertified,,,
123,4,yxy^{-1}x^{-1}y,2 1 -2 -1 2,uncertified,,,
124,5,yxy^{-1}x^{-1}y,2 1 -2 -1 2,uncertified,,,
125,6,yxy^{-1}x^{-1}y,2 1 -2 -1 2,uncertified,,,
126,7,yxy^{-1}x^{-1}y,2 1 -2 -1 2,uncertified,,,
127,1,y^{-1}xy^{-1}x^{-1}y^{-1},-2 1 -2 -1 -2,certified,,ms-train-0080,23
128,2,y^{-1}xy^{-1}x^{-1}y^{-1},-2 1 -2 -1 -2,uncertified,,,
129,3,y^{-1}xy^{-1}x^{-1}y^{-1},-2 1 -2 -1 -2,open,13_1,,
130,4,y^{-1}xy^{-1}x^{-1}y^{-1},-2 1 -2 -1 -2,open,15_1,,
131,5,y^{-1}xy^{-1}x^{-1}y^{-1},-2 1 -2 -1 -2,open,16_1,,
132,6,y^{-1}xy^{-1}x^{-1}y^{-1},-2 1 -2 -1 -2,open,17_1,,
133,7,y^{-1}xy^{-1}x^{-1}y^{-1},-2 1 -2 -1 -2,open,23_{24},,
134,1,yxy^{-2}x^{-1},2 1 -2 -2 -1,certified,,ms-train-0081,6
135,2,yxy^{-2}x^{-1},2 1 -2 -2 -1,certified,,ms-train-0082,26
136,3,yxy^{-2}x^{-1},2 1 -2 -2 -1,certified,,ms-train-0083,34
137,4,yxy^{-2}x^{-1},2 1 -2 -2 -1,open,14_1,,
138,5,yxy^{-2}x^{-1},2 1 -2 -2 -1,uncertified,,,
139,6,yxy^{-2}x^{-1},2 1 -2 -2 -1,open,19_{33},,
140,7,yxy^{-2}x^{-1},2 1 -2 -2 -1,open,19_{37},,
141,1,y^{-1}xyx^{-1}y^{-1},-2 1 2 -1 -2,certified,,ms-train-0084,18
142,2,y^{-1}xyx^{-1}y^{-1},-2 1 2 -1 -2,certified,,ms-train-0085,38
143,3,y^{-1}xyx^{-1}y^{-1},-2 1 2 -1 -2,uncertified,,,
144,4,y^{-1}xyx^{-1}y^{-1},-2 1 2 -1 -2,uncertified,,,
145,5,y^{-1}xyx^{-1}y^{-1},-2 1 2 -1 -2,uncertified,,,
146,6,y^{-1}xyx^{-1}y^{-1},-2 1 2 -1 -2,uncertified,,,
147,7,y^{-1}xyx^{-1}y^{-1},-2 1 2 -1 -2,uncertified,,,
148,1,y^{2}xyx^{-1},2 2 1 2 -1,certified,,ms-train-0086,27
149,2,y^{2}xyx^{-1},2 2 1 2 -1,certified,,ms-train-0087,19
150,3,y^{2}xyx^{-1},2 2 1 2 -1,uncertified,,,
151,4,y^{2}xyx^{-1},2 2 1 2 -1,uncertified,,,
152,5,y^{2}xyx^{-1},2 2 1 2 -1,open,17_{30},,
153,6,y^{2}xyx^{-1},2 2 1 2 -1,open,16_6,,
154,7,y^{2}xyx^{-1},2 2 1 2 -1,open,23_{22},,
155,1,y^{2}xy^{-1}x^{-1},2 2 1 -2 -1,certified,,ms-train-0088,22
156,2,y^{2}xy^{-1}x^{-1},2 2 1 -2 -1,certified,,ms-train-0089,13
157,3,y^{2}xy^{-1}x^{-1},2 2 1 -2 -1,open,13_1,,
158,4,y^{2}xy^{-1}x^{-1},2 2 1 -2 -1,uncertified,,,
159,5,y^{2}xy^{-1}x^{-1},2 2 1 -2 -1,open,17_{31},,
160,6,y^{2}xy^{-1}x^{-1},2 2 1 -2 -1,open,16_7,,
161,7,y^{2}xy^{-1}x^{-1},2 2 1 -2 -1,open,21_{35},,
162,1,x^{-1}y^{-2}xy^{-1},-1 -2 -2 1 -2,certified,,ms-train-0090,28
163,2,x^{-1}y^{-2}xy^{-1},-1 -2 -2 1 -2,certified,,ms-train-0091,27
164,3,x^{-1}y^{-2}xy^{-1},-1 -2 -2 1 -2,uncertified,,,
165,4,x^{-1}y^{-2}xy^{-1},-1 -2 -2 1 -2,uncertified,,,
166,5,x^{-1}y^{-2}xy^{-1},-1 -2 -2 1 -2,open,17_{33},,
167,6,x^{-1}y^{-2}xy^{-1},-1 -2 -2 1 -2,open,16_9,,
168,7,x^{-1}y^{-2}xy^{-1},-1 -2 -2 1 -2,open,23_{23},,
169,1,yxy^{2}x^{-1},2 1 2 2 -1,certified,,ms-train-0092,14
170,2,yxy^{2}x^{-1},2 1 2 2 -1,certified,,ms-train-0093,47
171,3,yxy^{2}x^{-1},2 1 2 2 -1,uncertified,,,
172,4,yxy^{2}x^{-1},2 1 2 2 -1,open,15_{10},,
173,5,yxy^{2}x^{-1},2 1 2 2 -1,open,14_1,,
174,6,yxy^{2}x^{-1},2 1 2 2 -1,open,17_{34},,
175,7,yxy^{2}x^{-1},2 1 2 2 -1,open,21_{34},,
176,1,yxy^{-1}x^{-1}y^{-1},2 1 -2 -1 -2,certified,,ms-train-0094,8
177,2,yxy^{-1}x^{-1}y^{-1},2 1 -2 -1 -2,certified,,ms-train-0095,37
178,3,yxy^{-1}x^{-1}y^{-1},2 1 -2 -1 -2,uncertified,,,
179,4,yxy^{-1}x^{-1}y^{-1},2 1 -2 -1 -2,uncertified,,,
180,5,yxy^{-1}x^{-1}y^{-1},2 1 -2 -1 -2,uncertified,,,
181,6,yxy^{-1}x^{-1}y^{-1},2 1 -2 -1 -2,uncertified,,,
182,7,yxy^{-1}x^{-1}y^{-1},2 1 -2 -1 -2,uncertified,,,
183,1,y^{5},2 2 2 2 2,certified,,ms-train-0096,21
184,2,y^{5},2 2 2 2 2,certified,,ms-train-0097,19
185,3,y^{5},2 2 2 2 2,certified,,ms-train-0098,30
186,4,y^{5},2 2 2 2 2,certified,,ms-train-0099,11
187,5,y^{5},2 2 2 2 2,certified,,ms-train-0100,39
188,6,y^{5},2 2 2 2 2,certified,,ms-train-0101,36
189,7,y^{5},2 2 2 2 2,certified,,ms-train-0102,25
190,1,y^{-5},-2 -2 -2 -2 -2,certified,,ms-train-0103,19
191,2,y^{-5},-2 -2 -2 -2 -2,certified,,ms-train-0104,16
192,3,y^{-5},-2 -2 -2 -2 -2,certified,,ms-train-0105,16
193,4,y^{-5},-2 -2 -2 -2 -2,certified,,ms-train-0106,11
194,5,y^{-5},-2 -2 -2 -2 -2,certified,,ms-train-0107,12
195,6,y^{-5},-2 -2 -2 -2 -2,certified,,ms-train-0108,13
196,7,y^{-5},-2 -2 -2 -2 -2,certified,,ms-train-0109,22
197,1,yx^{-1}y^{-1}xy^{-1},2 -1 -2 1 -2,certified,,ms-train-0110,14
198,2,yx^{-1}y^{-1}xy^{-1},2 -1 -2 1 -2,certified,,ms-train-0111,44
199,3,yx^{-1}y^{-1}xy^{-1},2 -1 -2 1 -2,open,13_1,,
200,4,yx^{-1}y^{-1}xy^{-1},2 -1 -2 1 -2,open,15_1,,
201,5,yx^{-1}y^{-1}xy^{-1},2 -1 -2 1 -2,open,16_1,,
202,6,yx^{-1}y^{-1}xy^{-1},2 -1 -2 1 -2,open,17_{35},,
203,7,yx^{-1}y^{-1}xy^{-1},2 -1 -2 1 -2,open,21_{36},,
204,1,x^{-1}y^{-2}xy,-1 -2 -2 1 2,certified,,ms-train-0112,16
205,2,x^{-1}y^{-2}xy,-1 -2 -2 1 2,certified,,ms-train-0113,13
206,3,x^{-1}y^{-2}xy,-1 -2 -2 1 2,open,13_1,,
207,4,x^{-1}y^{-2}xy,-1 -2 -2 1 2,uncertified,,,
208,5,x^{-1}y^{-2}xy,-1 -2 -2 1 2,open,17_{32},,
209,6,x^{-1}y^{-2}xy,-1 -2 -2 1 2,open,16_8,,
210,7,x^{-1}y^{-2}xy,-1 -2 -2 1 2,open,21_{38},,
211,1,yx^{-1}y^{-1}xy^{2},2 -1 -2 1 2 2,certified,,ms-train-0114,11
212,2,yx^{-1}y^{-1}xy^{2},2 -1 -2 1 2 2,certified,,ms-train-0115,56
213,3,yx^{-1}y^{-1}xy^{2},2 -1 -2 1 2 2,certified,,ms-train-0116,87
214,4,yx^{-1}y^{-1}xy^{2},2 -1 -2 1 2 2,open,14_1,,
215,5,yx^{-1}y^{-1}xy^{2},2 -1 -2 1 2 2,uncertified,,,
216,6,yx^{-1}y^{-1}xy^{2},2 -1 -2 1 2 2,open,19_{34},,
217,7,yx^{-1}y^{-1}xy^{2},2 -1 -2 1 2 2,open,17_{42},,
218,1,yxy^{-2}x^{-1}y,2 1 -2 -2 -1 2,certified,,ms-train-0117,8
219,2,yxy^{-2}x^{-1}y,2 1 -2 -2 -1 2,certified,,ms-train-0118,38
220,3,yxy^{-2}x^{-1}y,2 1 -2 -2 -1 2,certified,,ms-train-0119,42
221,4,yxy^{-2}x^{-1}y,2 1 -2 -2 -1 2,open,14_1,,
222,5,yxy^{-2}x^{-1}y,2 1 -2 -2 -1 2,uncertified,,,
223,6,yxy^{-2}x^{-1}y,2 1 -2 -2 -1 2,open,19_{33},,
224,7,yxy^{-2}x^{-1}y,2 1 -2 -2 -1 2,open,19_{37},,
225,1,y^{-1}xy^{-2}x^{-1}y^{-1},-2 1 -2 -2 -1 -2,certified,,ms-train-0120,21
226,2,y^{-1}xy^{-2}x^{-1}y^{-1},-2 1 -2 -2 -1 -2,certified,,ms-train-0121,86
227,3,y^{-1}xy^{-2}x^{-1}y^{-1},-2 1 -2 -2 -1 -2,uncertified,,,
228,4,y^{-1}xy^{-2}x^{-1}y^{-1},-2 1 -2 -2 -1 -2,open,15_{11},,
229,5,y^{-1}xy^{-2}x^{-1}y^{-1},-2 1 -2 -2 -1 -2,open,14_1,,
230,6,y^{-1}xy^{-2}x^{-1}y^{-1},-2 1 -2 -2 -1 -2,open,17_{36},,
231,7,y^{-1}xy^{-2}x^{-1}y^{-1},-2 1 -2 -2 -1 -2,open,21_{37},,
232,1,y^{-1}xy^{-1}x^{-1}y^{-2},-2 1 -2 -1 -2 -2,certified,,ms-train-0122,26
233,2,y^{-1}xy^{-1}x^{-1}y^{-2},-2 1 -2 -1 -2 -2,uncertified,,,
234,3,y^{-1}xy^{-1}x^{-1}y^{-2},-2 1 -2 -1 -2 -2,open,13_1,,
235,4,y^{-1}xy^{-1}x^{-1}y^{-2},-2 1 -2 -1 -2 -2,open,15_1,,
236,5,y^{-1}xy^{-1}x^{-1}y^{-2},-2 1 -2 -1 -2 -2,open,16_1,,
237,6,y^{-1}xy^{-1}x^{-1}y^{-2},-2 1 -2 -1 -2 -2,open,17_1,,
238,7,y^{-1}xy^{-1}x^{-1}y^{-2},-2 1 -2 -1 -2 -2,open,18_7,,
239,1,yx^{-1}y^{-1}xy^{-2},2 -1 -2 1 -2 -2,certified,,ms-train-0123,15
240,2,yx^{-1}y^{-1}xy^{-2},2 -1 -2 1 -2 -2,certified,,ms-train-0124,95
241,3,yx^{-1}y^{-1}xy^{-2},2 -1 -2 1 -2 -2,certified,,ms-train-0125,79
242,4,yx^{-1}y^{-1}xy^{-2},2 -1 -2 1 -2 -2,open,15_{11},,
243,5,yx^{-1}y^{-1}xy^{-2},2 -1 -2 1 -2 -2,open,14_1,,
244,6,yx^{-1}y^{-1}xy^{-2},2 -1 -2 1 -2 -2,open,17_{36},,
245,7,yx^{-1}y^{-1}xy^{-2},2 -1 -2 1 -2 -2,open,15_{13},,
246,1,y^{2}xy^{-2}x^{-1},2 2 1 -2 -2 -1,certified,,ms-train-0126,14
247,2,y^{2}xy^{-2}x^{-1},2 2 1 -2 -2 -1,certified,,ms-train-0127,9
248,3,y^{2}xy^{-2}x^{-1},2 2 1 -2 -2 -1,certified,,ms-train-0128,38
249,4,y^{2}xy^{-2}x^{-1},2 2 1 -2 -2 -1,certified,,ms-train-0129,46
250,5,y^{2}xy^{-2}x^{-1},2 2 1 -2 -2 -1,certified,,ms-train-0130,80
251,6,y^{2}xy^{-2}x^{-1},2 2 1 -2 -2 -1,certified,,ms-train-0131,105
252,7,y^{2}xy^{-2}x^{-1},2 2 1 -2 -2 -1,uncertified,,,
253,1,y^{-1}xy^{2}x^{-1}y^{-1},-2 1 2 2 -1 -2,certified,,ms-train-0132,11
254,2,y^{-1}xy^{2}x^{-1}y^{-1},-2 1 2 2 -1 -2,certified,,ms-train-0133,54
255,3,y^{-1}xy^{2}x^{-1}y^{-1},-2 1 2 2 -1 -2,certified,,ms-train-0134,38
256,4,y^{-1}xy^{2}x^{-1}y^{-1},-2 1 2 2 -1 -2,open,14_1,,
257,5,y^{-1}xy^{2}x^{-1}y^{-1},-2 1 2 2 -1 -2,uncertified,,,
258,6,y^{-1}xy^{2}x^{-1}y^{-1},-2 1 2 2 -1 -2,open,19_{34},,
259,7,y^{-1}xy^{2}x^{-1}y^{-1},-2 1 2 2 -1 -2,open,20_{12},,
260,1,y^{2}x^{-1}y^{-1}xy^{-1},2 2 -1 -2 1 -2,certified,,ms-train-0135,8
261,2,y^{2}x^{-1}y^{-1}xy^{-1},2 2 -1 -2 1 -2,certified,,ms-train-0136,41
262,3,y^{2}x^{-1}y^{-1}xy^{-1},2 2 -1 -2 1 -2,open,13_1,,
263,4,y^{2}x^{-1}y^{-1}xy^{-1},2 2 -1 -2 1 -2,open,15_1,,
264,5,y^{2}x^{-1}y^{-1}xy^{-1},2 2 -1 -2 1 -2,open,16_1,,
265,6,y^{2}x^{-1}y^{-1}xy^{-1},2 2 -1 -2 1 -2,open,17_{35},,
266,7,y^{2}x^{-1}y^{-1}xy^{-1},2 2 -1 -2 1 -2,open,18_6,,
267,1,y^{2}xy^{-1}x^{-1}y,2 2 1 -2 -1 2,certified,,ms-train-0137,29
268,2,y^{2}xy^{-1}x^{-1}y,2 2 1 -2 -1 2,certified,,ms-train-0138,14
269,3,y^{2}xy^{-1}x^{-1}y,2 2 1 -2 -1 2,open,13_1,,
270,4,y^{2}xy^{-1}x^{-1}y,2 2 1 -2 -1 2,uncertified,,,
271,5,y^{2}xy^{-1}x^{-1}y,2 2 1 -2 -1 2,open,17_{31},,
272,6,y^{2}xy^{-1}x^{-1}y,2 2 1 -2 -1 2,open,16_7,,
273,7,y^{2}xy^{-1}x^{-1}y,2 2 1 -2 -1 2,open,21_{35},,
274,1,y^{2}xy^{-1}x^{-1}y^{-1},2 2 1 -2 -1 -2,certified,,ms-train-0139,16
275,2,y^{2}xy^{-1}x^{-1}y^{-1},2 2 1 -2 -1 -2,certified,,ms-train-0140,10
276,3,y^{2}xy^{-1}x^{-1}y^{-1},2 2 1 -2 -1 -2,open,13_1,,
277,4,y^{2}xy^{-1}x^{-1}y^{-1},2 2 1 -2 -1 -2,certified,,ms-train-0141,79
278,5,y^{2}xy^{-1}x^{-1}y^{-1},2 2 1 -2 -1 -2,open,17_{31},,
279,6,y^{2}xy^{-1}x^{-1}y^{-1},2 2 1 -2 -1 -2,open,16_7,,
280,7,y^{2}xy^{-1}x^{-1}y^{-1},2 2 1 -2 -1 -2,open,21_{35},,
281,1,y^{6},2 2 2 2 2 2,certified,,ms-train-0142,20
282,2,y^{6},2 2 2 2 2 2,certified,,ms-train-0143,34
283,3,y^{6},2 2 2 2 2 2,certified,,ms-train-0144,41
284,4,y^{6},2 2 2 2 2 2,certified,,ms-train-0145,29
285,5,y^{6},2 2 2 2 2 2,certified,,ms-train-0146,12
286,6,y^{6},2 2 2 2 2 2,certified,,ms-train-0147,52
287,7,y^{6},2 2 2 2 2 2,certified,,ms-train-0148,43
288,1,yx^{-1}y^{-2}xy^{-1},2 -1 -2 -2 1 -2,certified,,ms-train-0149,26
289,2,yx^{-1}y^{-2}xy^{-1},2 -1 -2 -2 1 -2,certified,,ms-train-0150,23
290,3,yx^{-1}y^{-2}xy^{-1},2 -1 -2 -2 1 -2,uncertified,,,
291,4,yx^{-1}y^{-2}xy^{-1},2 -1 -2 -2 1 -2,uncertified,,,
292,5,yx^{-1}y^{-2}xy^{-1},2 -1 -2 -2 1 -2,open,17_{33},,
293,6,yx^{-1}y^{-2}xy^{-1},2 -1 -2 -2 1 -2,open,16_9,,
294,7,yx^{-1}y^{-2}xy^{-1},2 -1 -2 -2 1 -2,open,23_{23},,
295,1,y^{2}x^{-1}y^{-1}xy,2 2 -1 -2 1 2,certified,,ms-train-0151,12
296,2,y^{2}x^{-1}y^{-1}xy,2 2 -1 -2 1 2,certified,,ms-train-0152,42
297,3,y^{2}x^{-1}y^{-1}xy,2 2 -1 -2 1 2,uncertified,,,
298,4,y^{2}x^{-1}y^{-1}xy,2 2 -1 -2 1 2,uncertified,,,
299,5,y^{2}x^{-1}y^{-1}xy,2 2 -1 -2 1 2,uncertified,,,
300,6,y^{2}x^{-1}y^{-1}xy,2 2 -1 -2 1 2,uncertified,,,
301,7,y^{2}x^{-1}y^{-1}xy,2 2 -1 -2 1 2,uncertified,,,
302,1,yx^{-1}y^{-2}xy,2 -1 -2 -2 1 2,certified,,ms-train-0153,22
303,2,yx^{-1}y^{-2}xy,2 -1 -2 -2 1 2,certified,,ms-train-0154,12
304,3,yx^{-1}y^{-2}xy,2 -1 -2 -2 1 2,open,13_1,,
305,4,yx^{-1}y^{-2}xy,2 -1 -2 -2 1 2,certified,,ms-train-0155,52
306,5,yx^{-1}y^{-2}xy,2 -1 -2 -2 1 2,open,17_{32},,
307,6,yx^{-1}y^{-2}xy,2 -1 -2 -2 1 2,open,16_8,,
308,7,yx^{-1}y^{-2}xy,2 -1 -2 -2 1 2,open,21_{38},,
309,1,yxy^{-1}x^{-1}y^{2},2 1 -2 -1 2 2,certified,,ms-train-0156,15
310,2,yxy^{-1}x^{-1}y^{2},2 1 -2 -1 2 2,certified,,ms-train-0157,53
311,3,yxy^{-1}x^{-1}y^{2},2 1 -2 -1 2 2,uncertified,,,
312,4,yxy^{-1}x^{-1}y^{2},2 1 -2 -1 2 2,uncertified,,,
313,5,yxy^{-1}x^{-1}y^{2},2 1 -2 -1 2 2,uncertified,,,
314,6,yxy^{-1}x^{-1}y^{2},2 1 -2 -1 2 2,uncertified,,,
315,7,yxy^{-1}x^{-1}y^{2},2 1 -2 -1 2 2,uncertified,,,
316,1,y^{-1}xyx^{-1}y^{-2},-2 1 2 -1 -2 -2,certified,,ms-train-0158,22
317,2,y^{-1}xyx^{-1}y^{-2},-2 1 2 -1 -2 -2,certified,,ms-train-0159,66
318,3,y^{-1}xyx^{-1}y^{-2},-2 1 2 -1 -2 -2,uncertified,,,
319,4,y^{-1}xyx^{-1}y^{-2},-2 1 2 -1 -2 -2,uncertified,,,
320,5,y^{-1}xyx^{-1}y^{-2},-2 1 2 -1 -2 -2,uncertified,,,
321,6,y^{-1}xyx^{-1}y^{-2},-2 1 2 -1 -2 -2,uncertified,,,
322,7,y^{-1}xyx^{-1}y^{-2},-2 1 2 -1 -2 -2,uncertified,,,
323,1,yxy^{-2}x^{-1}y^{-1},2 1 -2 -2 -1 -2,certified,,ms-train-0160,6
324,2,yxy^{-2}x^{-1}y^{-1},2 1 -2 -2 -1 -2,certified,,ms-train-0161,46
325,3,yxy^{-2}x^{-1}y^{-1},2 1 -2 -2 -1 -2,certified,,ms-train-0162,39
326,4,yxy^{-2}x^{-1}y^{-1},2 1 -2 -2 -1 -2,open,14_1,,
327,5,yxy^{-2}x^{-1}y^{-1},2 1 -2 -2 -1 -2,uncertified,,,
328,6,yxy^{-2}x^{-1}y^{-1},2 1 -2 -2 -1 -2,open,19_{33},,
329,7,yxy^{-2}x^{-1}y^{-1},2 1 -2 -2 -1 -2,open,17_{41},,
330,1,y^{2}xyx^{-1}y^{-1},2 2 1 2 -1 -2,certified,,ms-train-0163,25
331,2,y^{2}xyx^{-1}y^{-1},2 2 1 2 -1 -2,certified,,ms-train-0164,12
332,3,y^{2}xyx^{-1}y^{-1},2 2 1 2 -1 -2,uncertified,,,
333,4,y^{2}xyx^{-1}y^{-1},2 2 1 2 -1 -2,uncertified,,,
334,5,y^{2}xyx^{-1}y^{-1},2 2 1 2 -1 -2,open,17_{30},,
335,6,y^{2}xyx^{-1}y^{-1},2 2 1 2 -1 -2,open,16_6,,
336,7,y^{2}xyx^{-1}y^{-1},2 2 1 2 -1 -2,open,23_{22},,
337,1,x^{-1}y^{-2}xy^{-2},-1 -2 -2 1 -2 -2,certified,,ms-train-0165,15
338,2,x^{-1}y^{-2}xy^{-2},-1 -2 -2 1 -2 -2,certified,,ms-train-0166,34
339,3,x^{-1}y^{-2}xy^{-2},-1 -2 -2 1 -2 -2,uncertified,,,
340,4,x^{-1}y^{-2}xy^{-2},-1 -2 -2 1 -2 -2,uncertified,,,
341,5,x^{-1}y^{-2}xy^{-2},-1 -2 -2 1 -2 -2,open,16_5,,
342,6,x^{-1}y^{-2}xy^{-2},-1 -2 -2 1 -2 -2,open,19_{36},,
343,7,x^{-1}y^{-2}xy^{-2},-1 -2 -2 1 -2 -2,open,20_{11},,
344,1,yxyx^{-1}y^{-2},2 1 2 -1 -2 -2,certified,,ms-train-0167,12
345,2,yxyx^{-1}y^{-2},2 1 2 -1 -2 -2,certified,,ms-train-0168,38
346,3,yxyx^{-1}y^{-2},2 1 2 -1 -2 -2,open,13_1,,
347,4,yxyx^{-1}y^{-2},2 1 2 -1 -2 -2,open,15_1,,
348,5,yxyx^{-1}y^{-2},2 1 2 -1 -2 -2,open,16_1,,
349,6,yxyx^{-1}y^{-2},2 1 2 -1 -2 -2,open,17_1,,
350,7,yxyx^{-1}y^{-2},2 1 2 -1 -2 -2,open,18_7,,
351,1,x^{-2}y^{-1}x^{2}y^{-1},-1 -1 -2 1 1 -2,certified,,ms-train-0169,38
352,2,x^{-2}y^{-1}x^{2}y^{-1},-1 -1 -2 1 1 -2,open,14_1,,
353,3,x^{-2}y^{-1}x^{2}y^{-1},-1 -1 -2 1 1 -2,open,16_2,,
354,4,x^{-2}y^{-1}x^{2}y^{-1},-1 -1 -2 1 1 -2,open,18_3,,
355,5,x^{-2}y^{-1}x^{2}y^{-1},-1 -1 -2 1 1 -2,open,20_3,,
356,6,x^{-2}y^{-1}x^{2}y^{-1},-1 -1 -2 1 1 -2,open,22_4,,
357,7,x^{-2}y^{-1}x^{2}y^{-1},-1 -1 -2 1 1 -2,open,24_4,,
358,1,x^{-2}y^{-1}x^{2}y,-1 -1 -2 1 1 2,certified,,ms-train-0170,31
359,2,x^{-2}y^{-1}x^{2}y,-1 -1 -2 1 1 2,open,14_2,,
360,3,x^{-2}y^{-1}x^{2}y,-1 -1 -2 1 1 2,open,16_3,,
361,4,x^{-2}y^{-1}x^{2}y,-1 -1 -2 1 1 2,open,18_2,,
362,5,x^{-2}y^{-1}x^{2}y,-1 -1 -2 1 1 2,open,20_2,,
363,6,x^{-2}y^{-1}x^{2}y,-1 -1 -2 1 1 2,open,22_3,,
364,7,x^{-2}y^{-1}x^{2}y,-1 -1 -2 1 1 2,open,24_3,,
365,1,yx^{2}yx^{-2},2 1 1 2 -1 -1,certified,,ms-train-0171,28
366,2,yx^{2}yx^{-2},2 1 1 2 -1 -1,open,14_1,,
367,3,yx^{2}yx^{-2},2 1 1 2 -1 -1,open,16_2,,
368,4,yx^{2}yx^{-2},2 1 1 2 -1 -1,open,18_1,,
369,5,yx^{2}yx^{-2},2 1 1 2 -1 -1,open,20_1,,
370,6,yx^{2}yx^{-2},2 1 1 2 -1 -1,open,22_1,,
371,7,yx^{2}yx^{-2},2 1 1 2 -1 -1,open,24_1,,
372,1,yxyx^{-1}y^{2},2 1 2 -1 2 2,certified,,ms-train-0172,17
373,2,yxyx^{-1}y^{2},2 1 2 -1 2 2,uncertified,,,
374,3,yxyx^{-1}y^{2},2 1 2 -1 2 2,open,13_1,,
375,4,yxyx^{-1}y^{2},2 1 2 -1 2 2,open,15_1,,
376,5,yxyx^{-1}y^{2},2 1 2 -1 2 2,open,16_1,,
377,6,yxyx^{-1}y^{2},2 1 2 -1 2 2,open,17_{35},,
378,7,yxyx^{-1}y^{2},2 1 2 -1 2 2,open,18_6,,
379,1,y^{3}xyx^{-1},2 2 2 1 2 -1,certified,,ms-train-0173,54
380,2,y^{3}xyx^{-1},2 2 2 1 2 -1,uncertified,,,
381,3,y^{3}xyx^{-1},2 2 2 1 2 -1,certified,,ms-train-0174,26
382,4,y^{3}xyx^{-1},2 2 2 1 2 -1,uncertified,,,
383,5,y^{3}xyx^{-1},2 2 2 1 2 -1,open,17_{32},,
384,6,y^{3}xyx^{-1},2 2 2 1 2 -1,uncertified,,,
385,7,y^{3}xyx^{-1},2 2 2 1 2 -1,open,19_{40},,
386,1,x^{-1}y^{-3}xy^{-1},-1 -2 -2 -2 1 -2,certified,,ms-train-0175,44
387,2,x^{-1}y^{-3}xy^{-1},-1 -2 -2 -2 1 -2,uncertified,,,
388,3,x^{-1}y^{-3}xy^{-1},-1 -2 -2 -2 1 -2,certified,,ms-train-0176,29
389,4,x^{-1}y^{-3}xy^{-1},-1 -2 -2 -2 1 -2,uncertified,,,
390,5,x^{-1}y^{-3}xy^{-1},-1 -2 -2 -2 1 -2,open,17_{31},,
391,6,x^{-1}y^{-3}xy^{-1},-1 -2 -2 -2 1 -2,uncertified,,,
392,7,x^{-1}y^{-3}xy^{-1},-1 -2 -2 -2 1 -2,open,19_{42},,
393,1,y^{3}xy^{-1}x^{-1},2 2 2 1 -2 -1,certified,,ms-train-0177,30
394,2,y^{3}xy^{-1}x^{-1},2 2 2 1 -2 -1,uncertified,,,
395,3,y^{3}xy^{-1}x^{-1},2 2 2 1 -2 -1,certified,,ms-train-0178,14
396,4,y^{3}xy^{-1}x^{-1},2 2 2 1 -2 -1,open,15_1,,
397,5,y^{3}xy^{-1}x^{-1},2 2 2 1 -2 -1,open,17_{33},,
398,6,y^{3}xy^{-1}x^{-1},2 2 2 1 -2 -1,uncertified,,,
399,7,y^{3}xy^{-1}x^{-1},2 2 2 1 -2 -1,open,18_9,,
400,1,x^{-1}y^{-3}xy,-1 -2 -2 -2 1 2,certified,,ms-train-0179,39
401,2,x^{-1}y^{-3}xy,-1 -2 -2 -2 1 2,uncertified,,,
402,3,x^{-1}y^{-3}xy,-1 -2 -2 -2 1 2,certified,,ms-train-0180,18
403,4,x^{-1}y^{-3}xy,-1 -2 -2 -2 1 2,open,15_1,,
404,5,x^{-1}y^{-3}xy,-1 -2 -2 -2 1 2,open,17_{30},,
405,6,x^{-1}y^{-3}xy,-1 -2 -2 -2 1 2,uncertified,,,
406,7,x^{-1}y^{-3}xy,-1 -2 -2 -2 1 2,open,18_{11},,
407,1,yxy^{-3}x^{-1},2 1 -2 -2 -2 -1,certified,,ms-train-0181,7
408,2,yxy^{-3}x^{-1},2 1 -2 -2 -2 -1,certified,,ms-train-0182,15
409,3,yxy^{-3}x^{-1},2 1 -2 -2 -2 -1,open,13_1,,
410,4,yxy^{-3}x^{-1},2 1 -2 -2 -2 -1,open,15_{10},,
411,5,yxy^{-3}x^{-1},2 1 -2 -2 -2 -1,uncertified,,,
412,6,yxy^{-3}x^{-1},2 1 -2 -2 -2 -1,open,17_{38},,
413,7,yxy^{-3}x^{-1},2 1 -2 -2 -2 -1,open,18_8,,
414,1,yx^{2}y^{-1}x^{-2},2 1 1 -2 -1 -1,certified,,ms-train-0183,26
415,2,yx^{2}y^{-1}x^{-2},2 1 1 -2 -1 -1,open,14_2,,
416,3,yx^{2}y^{-1}x^{-2},2 1 1 -2 -1 -1,open,16_3,,
417,4,yx^{2}y^{-1}x^{-2},2 1 1 -2 -1 -1,open,18_2,,
418,5,yx^{2}y^{-1}x^{-2},2 1 1 -2 -1 -1,open,20_2,,
419,6,yx^{2}y^{-1}x^{-2},2 1 1 -2 -1 -1,open,22_2,,
420,7,yx^{2}y^{-1}x^{-2},2 1 1 -2 -1 -1,open,24_2,,
421,1,x^{-1}y^{-2}xy^{2},-1 -2 -2 1 2 2,certified,,ms-train-0184,13
422,2,x^{-1}y^{-2}xy^{2},-1 -2 -2 1 2 2,certified,,ms-train-0185,13
423,3,x^{-1}y^{-2}xy^{2},-1 -2 -2 1 2 2,certified,,ms-train-0186,35
424,4,x^{-1}y^{-2}xy^{2},-1 -2 -2 1 2 2,certified,,ms-train-0187,36
425,5,x^{-1}y^{-2}xy^{2},-1 -2 -2 1 2 2,certified,,ms-train-0188,77
426,6,x^{-1}y^{-2}xy^{2},-1 -2 -2 1 2 2,certified,,ms-train-0189,101
427,7,x^{-1}y^{-2}xy^{2},-1 -2 -2 1 2 2,uncertified,,,
428,1,yxy^{-1}x^{-1}y^{-2},2 1 -2 -1 -2 -2,certified,,ms-train-0190,14
429,2,yxy^{-1}x^{-1}y^{-2},2 1 -2 -1 -2 -2,certified,,ms-train-0191,49
430,3,yxy^{-1}x^{-1}y^{-2},2 1 -2 -1 -2 -2,uncertified,,,
431,4,yxy^{-1}x^{-1}y^{-2},2 1 -2 -1 -2 -2,uncertified,,,
432,5,yxy^{-1}x^{-1}y^{-2},2 1 -2 -1 -2 -2,uncertified,,,
433,6,yxy^{-1}x^{-1}y^{-2},2 1 -2 -1 -2 -2,uncertified,,,
434,7,yxy^{-1}x^{-1}y^{-2},2 1 -2 -1 -2 -2,uncertified,,,
435,1,yxy^{2}x^{-1}y^{-1},2 1 2 2 -1 -2,certified,,ms-train-0192,18
436,2,yxy^{2}x^{-1}y^{-1},2 1 2 2 -1 -2,certified,,ms-train-0193,43
437,3,yxy^{2}x^{-1}y^{-1},2 1 2 2 -1 -2,certified,,ms-train-0194,41
438,4,yxy^{2}x^{-1}y^{-1},2 1 2 2 -1 -2,open,15_{10},,
439,5,yxy^{2}x^{-1}y^{-1},2 1 2 2 -1 -2,open,14_1,,
440,6,yxy^{2}x^{-1}y^{-1},2 1 2 2 -1 -2,open,17_{34},,
441,7,yxy^{2}x^{-1}y^{-1},2 1 2 2 -1 -2,open,15_{12},,
442,1,y^{-6},-2 -2 -2 -2 -2 -2,certified,,ms-train-0195,24
443,2,y^{-6},-2 -2 -2 -2 -2 -2,certified,,ms-train-0196,20
444,3,y^{-6},-2 -2 -2 -2 -2 -2,certified,,ms-train-0197,21
445,4,y^{-6},-2 -2 -2 -2 -2 -2,certified,,ms-train-0198,21
446,5,y^{-6},-2 -2 -2 -2 -2 -2,certified,,ms-train-0199,12
447,6,y^{-6},-2 -2 -2 -2 -2 -2,certified,,ms-train-0200,13
448,7,y^{-6},-2 -2 -2 -2 -2 -2,certified,,ms-train-0201,14
449,1,yxy^{2}x^{-1}y,2 1 2 2 -1 2,certified,,ms-train-0202,22
450,2,yxy^{2}x^{-1}y,2 1 2 2 -1 2,certified,,ms-train-0203,67
451,3,yxy^{2}x^{-1}y,2 1 2 2 -1 2,uncertified,,,
452,4,yxy^{2}x^{-1}y,2 1 2 2 -1 2,open,15_{10},,
453,5,yxy^{2}x^{-1}y,2 1 2 2 -1 2,open,14_1,,
454,6,yxy^{2}x^{-1}y,2 1 2 2 -1 2,open,17_{34},,
455,7,yxy^{2}x^{-1}y,2 1 2 2 -1 2,open,21_{34},,
456,1,x^{-1}y^{-1}xy^{3},-1 -2 1 2 2 2,certified,,ms-train-0204,11
457,2,x^{-1}y^{-1}xy^{3},-1 -2 1 2 2 2,certified,,ms-train-0205,14
458,3,x^{-1}y^{-1}xy^{3},-1 -2 1 2 2 2,open,13_1,,
459,4,x^{-1}y^{-1}xy^{3},-1 -2 1 2 2 2,open,15_{11},,
460,5,x^{-1}y^{-1}xy^{3},-1 -2 1 2 2 2,uncertified,,,
461,6,x^{-1}y^{-1}xy^{3},-1 -2 1 2 2 2,open,17_{39},,
462,7,x^{-1}y^{-1}xy^{3},-1 -2 1 2 2 2,open,18_{10},,
463,1,y^{2}xy^{2}x^{-1},2 2 1 2 2 -1,certified,,ms-train-0206,18
464,2,y^{2}xy^{2}x^{-1},2 2 1 2 2 -1,certified,,ms-train-0207,22
465,3,y^{2}xy^{2}x^{-1},2 2 1 2 2 -1,uncertified,,,
466,4,y^{2}xy^{2}x^{-1},2 2 1 2 2 -1,uncertified,,,
467,5,y^{2}xy^{2}x^{-1},2 2 1 2 2 -1,open,16_4,,
468,6,y^{2}xy^{2}x^{-1},2 2 1 2 2 -1,open,19_{35},,
469,7,y^{2}xy^{2}x^{-1},2 2 1 2 2 -1,open,20_{10},,
470,1,y^{-1}x^{-1}y^{-2}xy,-2 -1 -2 -2 1 2,certified,,ms-train-0208,23
471,2,y^{-1}x^{-1}y^{-2}xy,-2 -1 -2 -2 1 2,certified,,ms-train-0209,16
472,3,y^{-1}x^{-1}y^{-2}xy,-2 -1 -2 -2 1 2,open,13_1,,
473,4,y^{-1}x^{-1}y^{-2}xy,-2 -1 -2 -2 1 2,uncertified,,,
474,5,y^{-1}x^{-1}y^{-2}xy,-2 -1 -2 -2 1 2,open,17_{32},,
475,6,y^{-1}x^{-1}y^{-2}xy,-2 -1 -2 -2 1 2,open,16_8,,
476,7,y^{-1}x^{-1}y^{-2}xy,-2 -1 -2 -2 1 2,open,21_{38},,
477,1,yxy^{3}x^{-1},2 1 2 2 2 -1,certified,,ms-train-0210,21
478,2,yxy^{3}x^{-1},2 1 2 2 2 -1,certified,,ms-train-0211,17
479,3,yxy^{3}x^{-1},2 1 2 2 2 -1,uncertified,,,
480,4,yxy^{3}x^{-1},2 1 2 2 2 -1,open,14_1,,
481,5,yxy^{3}x^{-1},2 1 2 2 2 -1,uncertified,,,
482,6,yxy^{3}x^{-1},2 1 2 2 2 -1,open,17_{37},,
483,7,yxy^{3}x^{-1},2 1 2 2 2 -1,open,19_{39},,
484,1,x^{-1}y^{-1}xy^{-3},-1 -2 1 -2 -2 -2,certified,,ms-train-0212,20
485,2,x^{-1}y^{-1}xy^{-3},-1 -2 1 -2 -2 -2,certified,,ms-train-0213,15
486,3,x^{-1}y^{-1}xy^{-3},-1 -2 1 -2 -2 -2,uncertified,,,
487,4,x^{-1}y^{-1}xy^{-3},-1 -2 1 -2 -2 -2,open,14_1,,
488,5,x^{-1}y^{-1}xy^{-3},-1 -2 1 -2 -2 -2,uncertified,,,
489,6,x^{-1}y^{-1}xy^{-3},-1 -2 1 -2 -2 -2,open,17_{40},,
490,7,x^{-1}y^{-1}xy^{-3},-1 -2 1 -2 -2 -2,open,19_{41},,
491,1,y^{2}xyx^{-1}y,2 2 1 2 -1 2,certified,,ms-train-0214,43
492,2,y^{2}xyx^{-1}y,2 2 1 2 -1 2,certified,,ms-train-0215,26
493,3,y^{2}xyx^{-1}y,2 2 1 2 -1 2,uncertified,,,
494,4,y^{2}xyx^{-1}y,2 2 1 2 -1 2,uncertified,,,
495,5,y^{2}xyx^{-1}y,2 2 1 2 -1 2,open,17_{30},,
496,6,y^{2}xyx^{-1}y,2 2 1 2 -1 2,open,16_6,,
497,7,y^{2}xyx^{-1}y,2 2 1 2 -1 2,open,23_{22},,
498,1,y^{-1}x^{-1}y^{-2}xy^{-1},-2 -1 -2 -2 1 -2,certified,,ms-train-0216,39
499,2,y^{-1}x^{-1}y^{-2}xy^{-1},-2 -1 -2 -2 1 -2,certified,,ms-train-0217,33
500,3,y^{-1}x^{-1}y^{-2}xy^{-1},-2 -1 -2 -2 1 -2,uncertified,,,
501,4,y^{-1}x^{-1}y^{-2}xy^{-1},-2 -1 -2 -2 1 -2,uncertified,,,
502,5,y^{-1}x^{-1}y^{-2}xy^{-1},-2 -1 -2 -2 1 -2,open,17_{33},,
503,6,y^{-1}x^{-1}y^{-2}xy^{-1},-2 -1 -2 -2 1 -2,open,16_9,,
504,7,y^{-1}x^{-1}y^{-2}xy^{-1},-2 -1 -2 -2 1 -2,open,23_{23},,
505,1,yxyx^{-1}y^{-3},2 1 2 -1 -2 -2 -2,certified,,ms-train-0218,12
506,2,yxyx^{-1}y^{-3},2 1 2 -1 -2 -2 -2,certified,,ms-train-0219,63
507,3,yxyx^{-1}y^{-3},2 1 2 -1 -2 -2 -2,open,13_1,,
508,4,yxyx^{-1}y^{-3},2 1 2 -1 -2 -2 -2,open,15_1,,
509,5,yxyx^{-1}y^{-3},2 1 2 -1 -2 -2 -2,open,16_1,,
510,6,yxyx^{-1}y^{-3},2 1 2 -1 -2 -2 -2,open,17_1,,
511,7,yxyx^{-1}y^{-3},2 1 2 -1 -2 -2 -2,open,18_7,,
512,1,yxy^{4}x^{-1},2 1 2 2 2 2 -1,certified,,ms-train-0220,24
513,2,yxy^{4}x^{-1},2 1 2 2 2 2 -1,uncertified,,,
514,3,yxy^{4}x^{-1},2 1 2 2 2 2 -1,certified,,ms-train-0221,21
515,4,yxy^{4}x^{-1},2 1 2 2 2 2 -1,uncertified,,,
516,5,yxy^{4}x^{-1},2 1 2 2 2 2 -1,uncertified,,,
517,6,yxy^{4}x^{-1},2 1 2 2 2 2 -1,open,17_{38},,
518,7,yxy^{4}x^{-1},2 1 2 2 2 2 -1,uncertified,,,
519,1,yxy^{3}x^{-1}y,2 1 2 2 2 -1 2,certified,,ms-train-0222,21
520,2,yxy^{3}x^{-1}y,2 1 2 2 2 -1 2,certified,,ms-train-0223,15
521,3,yxy^{3}x^{-1}y,2 1 2 2 2 -1 2,uncertified,,,
522,4,yxy^{3}x^{-1}y,2 1 2 2 2 -1 2,open,14_1,,
523,5,yxy^{3}x^{-1}y,2 1 2 2 2 -1 2,uncertified,,,
524,6,yxy^{3}x^{-1}y,2 1 2 2 2 -1 2,open,17_{37},,
525,7,yxy^{3}x^{-1}y,2 1 2 2 2 -1 2,open,19_{39},,
526,1,yxyxy^{-1}x^{-2},2 1 2 1 -2 -1 -1,certified,,ms-train-0224,37
527,2,yxyxy^{-1}x^{-2},2 1 2 1 -2 -1 -1,open,15_7,,
528,3,yxyxy^{-1}x^{-2},2 1 2 1 -2 -1 -1,open,17_{13},,
529,4,yxyxy^{-1}x^{-2},2 1 2 1 -2 -1 -1,open,19_{12},,
530,5,yxyxy^{-1}x^{-2},2 1 2 1 -2 -1 -1,open,21_{11},,
531,6,yxyxy^{-1}x^{-2},2 1 2 1 -2 -1 -1,open,23_6,,
532,7,yxyxy^{-1}x^{-2},2 1 2 1 -2 -1 -1,open,25_{12},,
533,1,yxyxyx^{-2},2 1 2 1 2 -1 -1,certified,,ms-train-0225,55
534,2,yxyxyx^{-2},2 1 2 1 2 -1 -1,open,15_6,,
535,3,yxyxyx^{-2},2 1 2 1 2 -1 -1,open,17_{12},,
536,4,yxyxyx^{-2},2 1 2 1 2 -1 -1,open,19_{11},,
537,5,yxyxyx^{-2},2 1 2 1 2 -1 -1,open,21_{10},,
538,6,yxyxyx^{-2},2 1 2 1 2 -1 -1,open,23_5,,
539,7,yxyxyx^{-2},2 1 2 1 2 -1 -1,open,25_{11},,
540,1,yxy^{2}x^{-1}y^{2},2 1 2 2 -1 2 2,certified,,ms-train-0226,21
541,2,yxy^{2}x^{-1}y^{2},2 1 2 2 -1 2 2,uncertified,,,
542,3,yxy^{2}x^{-1}y^{2},2 1 2 2 -1 2 2,uncertified,,,
543,4,yxy^{2}x^{-1}y^{2},2 1 2 2 -1 2 2,open,15_{10},,
544,5,yxy^{2}x^{-1}y^{2},2 1 2 2 -1 2 2,open,14_1,,
545,6,yxy^{2}x^{-1}y^{2},2 1 2 2 -1 2 2,open,17_{34},,
546,7,yxy^{2}x^{-1}y^{2},2 1 2 2 -1 2 2,open,21_{34},,
547,1,yxy^{2}x^{-1}y^{-2},2 1 2 2 -1 -2 -2,certified,,ms-train-0227,14
548,2,yxy^{2}x^{-1}y^{-2},2 1 2 2 -1 -2 -2,certified,,ms-train-0228,33
549,3,yxy^{2}x^{-1}y^{-2},2 1 2 2 -1 -2 -2,certified,,ms-train-0229,52
550,4,yxy^{2}x^{-1}y^{-2},2 1 2 2 -1 -2 -2,open,15_{10},,
551,5,yxy^{2}x^{-1}y^{-2},2 1 2 2 -1 -2 -2,open,14_1,,
552,6,yxy^{2}x^{-1}y^{-2},2 1 2 2 -1 -2 -2,open,17_{34},,
553,7,yxy^{2}x^{-1}y^{-2},2 1 2 2 -1 -2 -2,open,15_{14},,
554,1,yxyx^{-1}y^{3},2 1 2 -1 2 2 2,certified,,ms-train-0230,32
555,2,yxyx^{-1}y^{3},2 1 2 -1 2 2 2,uncertified,,,
556,3,yxyx^{-1}y^{3},2 1 2 -1 2 2 2,open,13_1,,
557,4,yxyx^{-1}y^{3},2 1 2 -1 2 2 2,open,15_1,,
558,5,yxyx^{-1}y^{3},2 1 2 -1 2 2 2,open,16_1,,
559,6,yxyx^{-1}y^{3},2 1 2 -1 2 2 2,open,17_{35},,
560,7,yxyx^{-1}y^{3},2 1 2 -1 2 2 2,open,18_6,,
561,1,yxy^{3}x^{-1}y^{-1},2 1 2 2 2 -1 -2,certified,,ms-train-0231,16
562,2,yxy^{3}x^{-1}y^{-1},2 1 2 2 2 -1 -2,certified,,ms-train-0232,18
563,3,yxy^{3}x^{-1}y^{-1},2 1 2 2 2 -1 -2,uncertified,,,
564,4,yxy^{3}x^{-1}y^{-1},2 1 2 2 2 -1 -2,open,14_1,,
565,5,yxy^{3}x^{-1}y^{-1},2 1 2 2 2 -1 -2,uncertified,,,
566,6,yxy^{3}x^{-1}y^{-1},2 1 2 2 2 -1 -2,open,17_{37},,
567,7,yxy^{3}x^{-1}y^{-1},2 1 2 2 2 -1 -2,open,19_{39},,
568,1,x^{-2}y^{-2}x^{2}y^{-1},-1 -1 -2 -2 1 1 -2,certified,,ms-train-0233,75
569,2,x^{-2}y^{-2}x^{2}y^{-1},-1 -1 -2 -2 1 1 -2,uncertified,,,
570,3,x^{-2}y^{-2}x^{2}y^{-1},-1 -1 -2 -2 1 1 -2,open,17_9,,
571,4,x^{-2}y^{-2}x^{2}y^{-1},-1 -1 -2 -2 1 1 -2,open,19_{28},,
572,5,x^{-2}y^{-2}x^{2}y^{-1},-1 -1 -2 -2 1 1 -2,open,21_{26},,
573,6,x^{-2}y^{-2}x^{2}y^{-1},-1 -1 -2 -2 1 1 -2,open,23_{19},,
574,7,x^{-2}y^{-2}x^{2}y^{-1},-1 -1 -2 -2 1 1 -2,open,25_{28},,
575,1,y^{2}x^{-1}y^{-2}xy,2 2 -1 -2 -2 1 2,certified,,ms-train-0234,15
576,2,y^{2}x^{-1}y^{-2}xy,2 2 -1 -2 -2 1 2,certified,,ms-train-0235,10
577,3,y^{2}x^{-1}y^{-2}xy,2 2 -1 -2 -2 1 2,open,13_1,,
578,4,y^{2}x^{-1}y^{-2}xy,2 2 -1 -2 -2 1 2,certified,,ms-train-0236,47
579,5,y^{2}x^{-1}y^{-2}xy,2 2 -1 -2 -2 1 2,open,17_{32},,
580,6,y^{2}x^{-1}y^{-2}xy,2 2 -1 -2 -2 1 2,open,16_8,,
581,7,y^{2}x^{-1}y^{-2}xy,2 2 -1 -2 -2 1 2,open,21_{38},,
582,1,y^{4}xyx^{-1},2 2 2 2 1 2 -1,certified,,ms-train-0237,70
583,2,y^{4}xyx^{-1},2 2 2 2 1 2 -1,certified,,ms-train-0238,52
584,3,y^{4}xyx^{-1},2 2 2 2 1 2 -1,open,13_1,,
585,4,y^{4}xyx^{-1},2 2 2 2 1 2 -1,certified,,ms-train-0239,30
586,5,y^{4}xyx^{-1},2 2 2 2 1 2 -1,uncertified,,,
587,6,y^{4}xyx^{-1},2 2 2 2 1 2 -1,open,16_8,,
588,7,y^{4}xyx^{-1},2 2 2 2 1 2 -1,open,19_{46},,
589,1,y^{4}xy^{-1}x^{-1},2 2 2 2 1 -2 -1,certified,,ms-train-0240,57
590,2,y^{4}xy^{-1}x^{-1},2 2 2 2 1 -2 -1,certified,,ms-train-0241,38
591,3,y^{4}xy^{-1}x^{-1},2 2 2 2 1 -2 -1,uncertified,,,
592,4,y^{4}xy^{-1}x^{-1},2 2 2 2 1 -2 -1,certified,,ms-train-0242,15
593,5,y^{4}xy^{-1}x^{-1},2 2 2 2 1 -2 -1,open,16_1,,
594,6,y^{4}xy^{-1}x^{-1},2 2 2 2 1 -2 -1,open,16_9,,
595,7,y^{4}xy^{-1}x^{-1},2 2 2 2 1 -2 -1,open,19_{47},,
596,1,y^{3}xy^{2}x^{-1},2 2 2 1 2 2 -1,certified,,ms-train-0243,20
597,2,y^{3}xy^{2}x^{-1},2 2 2 1 2 2 -1,uncertified,,,
598,3,y^{3}xy^{2}x^{-1},2 2 2 1 2 2 -1,certified,,ms-train-0244,34
599,4,y^{3}xy^{2}x^{-1},2 2 2 1 2 2 -1,open,14_1,,
600,5,y^{3}xy^{2}x^{-1},2 2 2 1 2 2 -1,uncertified,,,
601,6,y^{3}xy^{2}x^{-1},2 2 2 1 2 2 -1,uncertified,,,
602,7,y^{3}xy^{2}x^{-1},2 2 2 1 2 2 -1,open,21_{40},,
603,1,y^{3}xyx^{-1}y,2 2 2 1 2 -1 2,certified,,ms-train-0245,58
604,2,y^{3}xyx^{-1}y,2 2 2 1 2 -1 2,uncertified,,,
605,3,y^{3}xyx^{-1}y,2 2 2 1 2 -1 2,certified,,ms-train-0246,44
606,4,y^{3}xyx^{-1}y,2 2 2 1 2 -1 2,uncertified,,,
607,5,y^{3}xyx^{-1}y,2 2 2 1 2 -1 2,open,17_{32},,
608,6,y^{3}xyx^{-1}y,2 2 2 1 2 -1 2,uncertified,,,
609,7,y^{3}xyx^{-1}y,2 2 2 1 2 -1 2,open,19_{40},,
610,1,y^{3}xyx^{-1}y^{-1},2 2 2 1 2 -1 -2,certified,,ms-train-0247,43
611,2,y^{3}xyx^{-1}y^{-1},2 2 2 1 2 -1 -2,uncertified,,,
612,3,y^{3}xyx^{-1}y^{-1},2 2 2 1 2 -1 -2,certified,,ms-train-0248,33
613,4,y^{3}xyx^{-1}y^{-1},2 2 2 1 2 -1 -2,uncertified,,,
614,5,y^{3}xyx^{-1}y^{-1},2 2 2 1 2 -1 -2,open,17_{32},,
615,6,y^{3}xyx^{-1}y^{-1},2 2 2 1 2 -1 -2,uncertified,,,
616,7,y^{3}xyx^{-1}y^{-1},2 2 2 1 2 -1 -2,open,19_{40},,
617,1,y^{3}xy^{-2}x^{-1},2 2 2 1 -2 -2 -1,certified,,ms-train-0249,15
618,2,y^{3}xy^{-2}x^{-1},2 2 2 1 -2 -2 -1,uncertified,,,
619,3,y^{3}xy^{-2}x^{-1},2 2 2 1 -2 -2 -1,certified,,ms-train-0250,14
620,4,y^{3}xy^{-2}x^{-1},2 2 2 1 -2 -2 -1,open,15_{11},,
621,5,y^{3}xy^{-2}x^{-1},2 2 2 1 -2 -2 -1,open,16_5,,
622,6,y^{3}xy^{-2}x^{-1},2 2 2 1 -2 -2 -1,certified,,ms-train-0251,96
623,7,y^{3}xy^{-2}x^{-1},2 2 2 1 -2 -2 -1,open,19_{45},,
624,1,y^{3}xy^{-1}x^{-1}y,2 2 2 1 -2 -1 2,certified,,ms-train-0252,49
625,2,y^{3}xy^{-1}x^{-1}y,2 2 2 1 -2 -1 2,certified,,ms-train-0253,95
626,3,y^{3}xy^{-1}x^{-1}y,2 2 2 1 -2 -1 2,certified,,ms-train-0254,19
627,4,y^{3}xy^{-1}x^{-1}y,2 2 2 1 -2 -1 2,open,15_1,,
628,5,y^{3}xy^{-1}x^{-1}y,2 2 2 1 -2 -1 2,open,17_{33},,
629,6,y^{3}xy^{-1}x^{-1}y,2 2 2 1 -2 -1 2,uncertified,,,
630,7,y^{3}xy^{-1}x^{-1}y,2 2 2 1 -2 -1 2,open,18_9,,
631,1,y^{3}xy^{-1}x^{-1}y^{-1},2 2 2 1 -2 -1 -2,certified,,ms-train-0255,27
632,2,y^{3}xy^{-1}x^{-1}y^{-1},2 2 2 1 -2 -1 -2,certified,,ms-train-0256,33
633,3,y^{3}xy^{-1}x^{-1}y^{-1},2 2 2 1 -2 -1 -2,certified,,ms-train-0257,15
634,4,y^{3}xy^{-1}x^{-1}y^{-1},2 2 2 1 -2 -1 -2,open,15_1,,
635,5,y^{3}xy^{-1}x^{-1}y^{-1},2 2 2 1 -2 -1 -2,open,17_{33},,
636,6,y^{3}xy^{-1}x^{-1}y^{-1},2 2 2 1 -2 -1 -2,uncertified,,,
637,7,y^{3}xy^{-1}x^{-1}y^{-1},2 2 2 1 -2 -1 -2,open,18_9,,
638,1,y^{3}x^{-1}y^{-1}xy,2 2 2 -1 -2 1 2,certified,,ms-train-0258,11
639,2,y^{3}x^{-1}y^{-1}xy,2 2 2 -1 -2 1 2,uncertified,,,
640,3,y^{3}x^{-1}y^{-1}xy,2 2 2 -1 -2 1 2,uncertified,,,
641,4,y^{3}x^{-1}y^{-1}xy,2 2 2 -1 -2 1 2,uncertified,,,
642,5,y^{3}x^{-1}y^{-1}xy,2 2 2 -1 -2 1 2,uncertified,,,
643,6,y^{3}x^{-1}y^{-1}xy,2 2 2 -1 -2 1 2,uncertified,,,
644,7,y^{3}x^{-1}y^{-1}xy,2 2 2 -1 -2 1 2,uncertified,,,
645,1,y^{3}x^{-1}y^{-1}xy^{-1},2 2 2 -1 -2 1 -2,certified,,ms-train-0259,14
646,2,y^{3}x^{-1}y^{-1}xy^{-1},2 2 2 -1 -2 1 -2,certified,,ms-train-0260,28
647,3,y^{3}x^{-1}y^{-1}xy^{-1},2 2 2 -1 -2 1 -2,open,13_1,,
648,4,y^{3}x^{-1}y^{-1}xy^{-1},2 2 2 -1 -2 1 -2,open,15_1,,
649,5,y^{3}x^{-1}y^{-1}xy^{-1},2 2 2 -1 -2 1 -2,open,16_1,,
650,6,y^{3}x^{-1}y^{-1}xy^{-1},2 2 2 -1 -2 1 -2,open,17_{35},,
651,7,y^{3}x^{-1}y^{-1}xy^{-1},2 2 2 -1 -2 1 -2,open,18_6,,
652,1,y^{2}xy^{3}x^{-1},2 2 1 2 2 2 -1,certified,,ms-train-0261,35
653,2,y^{2}xy^{3}x^{-1},2 2 1 2 2 2 -1,certified,,ms-train-0262,25
654,3,y^{2}xy^{3}x^{-1},2 2 1 2 2 2 -1,open,13_1,,
655,4,y^{2}xy^{3}x^{-1},2 2 1 2 2 2 -1,uncertified,,,
656,5,y^{2}xy^{3}x^{-1},2 2 1 2 2 2 -1,uncertified,,,
657,6,y^{2}xy^{3}x^{-1},2 2 1 2 2 2 -1,open,18_4,,
658,7,y^{2}xy^{3}x^{-1},2 2 1 2 2 2 -1,open,21_{39},,
659,1,y^{2}xy^{2}x^{-1}y,2 2 1 2 2 -1 2,certified,,ms-train-0263,22
660,2,y^{2}xy^{2}x^{-1}y,2 2 1 2 2 -1 2,certified,,ms-train-0264,20
661,3,y^{2}xy^{2}x^{-1}y,2 2 1 2 2 -1 2,uncertified,,,
662,4,y^{2}xy^{2}x^{-1}y,2 2 1 2 2 -1 2,uncertified,,,
663,5,y^{2}xy^{2}x^{-1}y,2 2 1 2 2 -1 2,open,16_4,,
664,6,y^{2}xy^{2}x^{-1}y,2 2 1 2 2 -1 2,open,19_{35},,
665,7,y^{2}xy^{2}x^{-1}y,2 2 1 2 2 -1 2,open,20_{10},,
666,1,y^{2}xy^{2}x^{-1}y^{-1},2 2 1 2 2 -1 -2,certified,,ms-train-0265,20
667,2,y^{2}xy^{2}x^{-1}y^{-1},2 2 1 2 2 -1 -2,certified,,ms-train-0266,22
668,3,y^{2}xy^{2}x^{-1}y^{-1},2 2 1 2 2 -1 -2,certified,,ms-train-0267,92
669,4,y^{2}xy^{2}x^{-1}y^{-1},2 2 1 2 2 -1 -2,uncertified,,,
670,5,y^{2}xy^{2}x^{-1}y^{-1},2 2 1 2 2 -1 -2,open,16_4,,
671,6,y^{2}xy^{2}x^{-1}y^{-1},2 2 1 2 2 -1 -2,open,19_{35},,
672,7,y^{2}xy^{2}x^{-1}y^{-1},2 2 1 2 2 -1 -2,open,20_{10},,
673,1,y^{2}xyx^{-1}y^{2},2 2 1 2 -1 2 2,certified,,ms-train-0268,44
674,2,y^{2}xyx^{-1}y^{2},2 2 1 2 -1 2 2,certified,,ms-train-0269,31
675,3,y^{2}xyx^{-1}y^{2},2 2 1 2 -1 2 2,uncertified,,,
676,4,y^{2}xyx^{-1}y^{2},2 2 1 2 -1 2 2,uncertified,,,
677,5,y^{2}xyx^{-1}y^{2},2 2 1 2 -1 2 2,open,17_{30},,
678,6,y^{2}xyx^{-1}y^{2},2 2 1 2 -1 2 2,open,16_{10},,
679,7,y^{2}xyx^{-1}y^{2},2 2 1 2 -1 2 2,open,23_{22},,
680,1,y^{2}xyx^{-1}y^{-2},2 2 1 2 -1 -2 -2,certified,,ms-train-0270,20
681,2,y^{2}xyx^{-1}y^{-2},2 2 1 2 -1 -2 -2,certified,,ms-train-0271,18
682,3,y^{2}xyx^{-1}y^{-2},2 2 1 2 -1 -2 -2,uncertified,,,
683,4,y^{2}xyx^{-1}y^{-2},2 2 1 2 -1 -2 -2,uncertified,,,
684,5,y^{2}xyx^{-1}y^{-2},2 2 1 2 -1 -2 -2,open,17_{30},,
685,6,y^{2}xyx^{-1}y^{-2},2 2 1 2 -1 -2 -2,open,16_6,,
686,7,y^{2}xyx^{-1}y^{-2},2 2 1 2 -1 -2 -2,open,19_{43},,
687,1,y^{2}x^{2}yx^{-2},2 2 1 1 2 -1 -1,certified,,ms-train-0272,71
688,2,y^{2}x^{2}yx^{-2},2 2 1 1 2 -1 -1,uncertified,,,
689,3,y^{2}x^{2}yx^{-2},2 2 1 1 2 -1 -1,open,17_{16},,
690,4,y^{2}x^{2}yx^{-2},2 2 1 1 2 -1 -1,open,19_{15},,
691,5,y^{2}x^{2}yx^{-2},2 2 1 1 2 -1 -1,open,21_{14},,
692,6,y^{2}x^{2}yx^{-2},2 2 1 1 2 -1 -1,open,23_9,,
693,7,y^{2}x^{2}yx^{-2},2 2 1 1 2 -1 -1,open,25_{15},,
694,1,y^{2}x^{2}y^{-1}x^{-2},2 2 1 1 -2 -1 -1,certified,,ms-train-0273,50
695,2,y^{2}x^{2}y^{-1}x^{-2},2 2 1 1 -2 -1 -1,certified,,ms-train-0274,69
696,3,y^{2}x^{2}y^{-1}x^{-2},2 2 1 1 -2 -1 -1,open,17_{17},,
697,4,y^{2}x^{2}y^{-1}x^{-2},2 2 1 1 -2 -1 -1,open,19_{16},,
698,5,y^{2}x^{2}y^{-1}x^{-2},2 2 1 1 -2 -1 -1,open,21_{15},,
699,6,y^{2}x^{2}y^{-1}x^{-2},2 2 1 1 -2 -1 -1,open,23_{10},,
700,7,y^{2}x^{2}y^{-1}x^{-2},2 2 1 1 -2 -1 -1,open,25_{16},,
701,1,y^{2}xy^{-3}x^{-1},2 2 1 -2 -2 -2 -1,certified,,ms-train-0275,27
702,2,y^{2}xy^{-3}x^{-1},2 2 1 -2 -2 -2 -1,certified,,ms-train-0276,7
703,3,y^{2}xy^{-3}x^{-1},2 2 1 -2 -2 -2 -1,certified,,ms-train-0277,62
704,4,y^{2}xy^{-3}x^{-1},2 2 1 -2 -2 -2 -1,certified,,ms-train-0278,47
705,5,y^{2}xy^{-3}x^{-1},2 2 1 -2 -2 -2 -1,certified,,ms-train-0279,51
706,6,y^{2}xy^{-3}x^{-1},2 2 1 -2 -2 -2 -1,uncertified,,,
707,7,y^{2}xy^{-3}x^{-1},2 2 1 -2 -2 -2 -1,open,19_{44},,
708,1,y^{2}xy^{-2}x^{-1}y^{-1},2 2 1 -2 -2 -1 -2,certified,,ms-train-0280,16
709,2,y^{2}xy^{-2}x^{-1}y^{-1},2 2 1 -2 -2 -1 -2,certified,,ms-train-0281,9
710,3,y^{2}xy^{-2}x^{-1}y^{-1},2 2 1 -2 -2 -1 -2,certified,,ms-train-0282,33
711,4,y^{2}xy^{-2}x^{-1}y^{-1},2 2 1 -2 -2 -1 -2,certified,,ms-train-0283,61
712,5,y^{2}xy^{-2}x^{-1}y^{-1},2 2 1 -2 -2 -1 -2,uncertified,,,
713,6,y^{2}xy^{-2}x^{-1}y^{-1},2 2 1 -2 -2 -1 -2,uncertified,,,
714,7,y^{2}xy^{-2}x^{-1}y^{-1},2 2 1 -2 -2 -1 -2,uncertified,,,
715,1,y^{2}xy^{-1}x^{-1}y^{2},2 2 1 -2 -1 2 2,certified,,ms-train-0284,39
716,2,y^{2}xy^{-1}x^{-1}y^{2},2 2 1 -2 -1 2 2,certified,,ms-train-0285,16
717,3,y^{2}xy^{-1}x^{-1}y^{2},2 2 1 -2 -1 2 2,open,13_1,,
718,4,y^{2}xy^{-1}x^{-1}y^{2},2 2 1 -2 -1 2 2,uncertified,,,
719,5,y^{2}xy^{-1}x^{-1}y^{2},2 2 1 -2 -1 2 2,open,17_{31},,
720,6,y^{2}xy^{-1}x^{-1}y^{2},2 2 1 -2 -1 2 2,open,16_7,,
721,7,y^{2}xy^{-1}x^{-1}y^{2},2 2 1 -2 -1 2 2,open,21_{35},,
722,1,y^{2}xy^{-1}x^{-1}y^{-2},2 2 1 -2 -1 -2 -2,certified,,ms-train-0286,13
723,2,y^{2}xy^{-1}x^{-1}y^{-2},2 2 1 -2 -1 -2 -2,certified,,ms-train-0287,10
724,3,y^{2}xy^{-1}x^{-1}y^{-2},2 2 1 -2 -1 -2 -2,open,13_1,,
725,4,y^{2}xy^{-1}x^{-1}y^{-2},2 2 1 -2 -1 -2 -2,certified,,ms-train-0288,57
726,5,y^{2}xy^{-1}x^{-1}y^{-2},2 2 1 -2 -1 -2 -2,open,17_{31},,
727,6,y^{2}xy^{-1}x^{-1}y^{-2},2 2 1 -2 -1 -2 -2,open,16_7,,
728,7,y^{2}xy^{-1}x^{-1}y^{-2},2 2 1 -2 -1 -2 -2,open,21_{35},,
729,1,y^{2}x^{-1}y^{-1}xy^{2},2 2 -1 -2 1 2 2,certified,,ms-train-0289,9
730,2,y^{2}x^{-1}y^{-1}xy^{2},2 2 -1 -2 1 2 2,certified,,ms-train-0290,38
731,3,y^{2}x^{-1}y^{-1}xy^{2},2 2 -1 -2 1 2 2,certified,,ms-train-0291,76
732,4,y^{2}x^{-1}y^{-1}xy^{2},2 2 -1 -2 1 2 2,open,14_1,,
733,5,y^{2}x^{-1}y^{-1}xy^{2},2 2 -1 -2 1 2 2,uncertified,,,
734,6,y^{2}x^{-1}y^{-1}xy^{2},2 2 -1 -2 1 2 2,open,19_{34},,
735,7,y^{2}x^{-1}y^{-1}xy^{2},2 2 -1 -2 1 2 2,open,17_{42},,
736,1,y^{2}x^{-1}y^{-1}xy^{-2},2 2 -1 -2 1 -2 -2,certified,,ms-train-0292,11
737,2,y^{2}x^{-1}y^{-1}xy^{-2},2 2 -1 -2 1 -2 -2,certified,,ms-train-0293,45
738,3,y^{2}x^{-1}y^{-1}xy^{-2},2 2 -1 -2 1 -2 -2,certified,,ms-train-0294,40
739,4,y^{2}x^{-1}y^{-1}xy^{-2},2 2 -1 -2 1 -2 -2,open,15_{11},,
740,5,y^{2}x^{-1}y^{-1}xy^{-2},2 2 -1 -2 1 -2 -2,open,14_1,,
741,6,y^{2}x^{-1}y^{-1}xy^{-2},2 2 -1 -2 1 -2 -2,open,17_{36},,
742,7,y^{2}x^{-1}y^{-1}xy^{-2},2 2 -1 -2 1 -2 -2,open,15_{15},,
743,1,y^{2}x^{-1}y^{-2}xy^{-1},2 2 -1 -2 -2 1 -2,certified,,ms-train-0295,21
744,2,y^{2}x^{-1}y^{-2}xy^{-1},2 2 -1 -2 -2 1 -2,certified,,ms-train-0296,14
745,3,y^{2}x^{-1}y^{-2}xy^{-1},2 2 -1 -2 -2 1 -2,uncertified,,,
746,4,y^{2}x^{-1}y^{-2}xy^{-1},2 2 -1 -2 -2 1 -2,certified,,ms-train-0297,82
747,5,y^{2}x^{-1}y^{-2}xy^{-1},2 2 -1 -2 -2 1 -2,open,17_{33},,
748,6,y^{2}x^{-1}y^{-2}xy^{-1},2 2 -1 -2 -2 1 -2,open,16_9,,
749,7,y^{2}x^{-1}y^{-2}xy^{-1},2 2 -1 -2 -2 1 -2,open,19_{48},,
750,1,y^{2}xy^{-2}x^{-1}y,2 2 1 -2 -2 -1 2,certified,,ms-train-0298,17
751,2,y^{2}xy^{-2}x^{-1}y,2 2 1 -2 -2 -1 2,certified,,ms-train-0299,12
752,3,y^{2}xy^{-2}x^{-1}y,2 2 1 -2 -2 -1 2,certified,,ms-train-0300,44
753,4,y^{2}xy^{-2}x^{-1}y,2 2 1 -2 -2 -1 2,certified,,ms-train-0301,53
754,5,y^{2}xy^{-2}x^{-1}y,2 2 1 -2 -2 -1 2,uncertified,,,
755,6,y^{2}xy^{-2}x^{-1}y,2 2 1 -2 -2 -1 2,uncertified,,,
756,7,y^{2}xy^{-2}x^{-1}y,2 2 1 -2 -2 -1 2,uncertified,,,
757,1,yxy^{-1}x^{-1}y^{3},2 1 -2 -1 2 2 2,certified,,ms-train-0302,20
758,2,yxy^{-1}x^{-1}y^{3},2 1 -2 -1 2 2 2,certified,,ms-train-0303,88
759,3,yxy^{-1}x^{-1}y^{3},2 1 -2 -1 2 2 2,uncertified,,,
760,4,yxy^{-1}x^{-1}y^{3},2 1 -2 -1 2 2 2,uncertified,,,
761,5,yxy^{-1}x^{-1}y^{3},2 1 -2 -1 2 2 2,uncertified,,,
762,6,yxy^{-1}x^{-1}y^{3},2 1 -2 -1 2 2 2,uncertified,,,
763,7,yxy^{-1}x^{-1}y^{3},2 1 -2 -1 2 2 2,uncertified,,,
764,1,yx^{2}yx^{-1}yx^{-1},2 1 1 2 -1 2 -1,certified,,ms-train-0304,41
765,2,yx^{2}yx^{-1}yx^{-1},2 1 1 2 -1 2 -1,open,15_3,,
766,3,yx^{2}yx^{-1}yx^{-1},2 1 1 2 -1 2 -1,open,17_3,,
767,4,yx^{2}yx^{-1}yx^{-1},2 1 1 2 -1 2 -1,open,19_2,,
768,5,yx^{2}yx^{-1}yx^{-1},2 1 1 2 -1 2 -1,open,20_4,,
769,6,yx^{2}yx^{-1}yx^{-1},2 1 1 2 -1 2 -1,open,21_{30},,
770,7,yx^{2}yx^{-1}yx^{-1},2 1 1 2 -1 2 -1,open,25_2,,
771,1,y^{-1}xy^{-1}x^{-1}y^{-3},-2 1 -2 -1 -2 -2 -2,certified,,ms-train-0305,29
772,2,y^{-1}xy^{-1}x^{-1}y^{-3},-2 1 -2 -1 -2 -2 -2,uncertified,,,
773,3,y^{-1}xy^{-1}x^{-1}y^{-3},-2 1 -2 -1 -2 -2 -2,open,13_1,,
774,4,y^{-1}xy^{-1}x^{-1}y^{-3},-2 1 -2 -1 -2 -2 -2,open,15_1,,
775,5,y^{-1}xy^{-1}x^{-1}y^{-3},-2 1 -2 -1 -2 -2 -2,open,16_1,,
776,6,y^{-1}xy^{-1}x^{-1}y^{-3},-2 1 -2 -1 -2 -2 -2,open,17_1,,
777,7,y^{-1}xy^{-1}x^{-1}y^{-3},-2 1 -2 -1 -2 -2 -2,open,18_7,,
778,1,y^{-2}xyx^{-1}y^{-2},-2 -2 1 2 -1 -2 -2,certified,,ms-train-0306,39
779,2,y^{-2}xyx^{-1}y^{-2},-2 -2 1 2 -1 -2 -2,certified,,ms-train-0307,19
780,3,y^{-2}xyx^{-1}y^{-2},-2 -2 1 2 -1 -2 -2,open,13_1,,
781,4,y^{-2}xyx^{-1}y^{-2},-2 -2 1 2 -1 -2 -2,uncertified,,,
782,5,y^{-2}xyx^{-1}y^{-2},-2 -2 1 2 -1 -2 -2,open,17_{32},,
783,6,y^{-2}xyx^{-1}y^{-2},-2 -2 1 2 -1 -2 -2,open,16_8,,
784,7,y^{-2}xyx^{-1}y^{-2},-2 -2 1 2 -1 -2 -2,open,21_{38},,
785,1,y^{-2}xy^{-1}x^{-1}y^{-2},-2 -2 1 -2 -1 -2 -2,certified,,ms-train-0308,55
786,2,y^{-2}xy^{-1}x^{-1}y^{-2},-2 -2 1 -2 -1 -2 -2,certified,,ms-train-0309,36
787,3,y^{-2}xy^{-1}x^{-1}y^{-2},-2 -2 1 -2 -1 -2 -2,uncertified,,,
788,4,y^{-2}xy^{-1}x^{-1}y^{-2},-2 -2 1 -2 -1 -2 -2,uncertified,,,
789,5,y^{-2}xy^{-1}x^{-1}y^{-2},-2 -2 1 -2 -1 -2 -2,open,17_{33},,
790,6,y^{-2}xy^{-1}x^{-1}y^{-2},-2 -2 1 -2 -1 -2 -2,open,16_9,,
791,7,y^{-2}xy^{-1}x^{-1}y^{-2},-2 -2 1 -2 -1 -2 -2,open,23_{23},,
792,1,y^{-7},-2 -2 -2 -2 -2 -2 -2,certified,,ms-train-0310,23
793,2,y^{-7},-2 -2 -2 -2 -2 -2 -2,certified,,ms-train-0311,42
794,3,y^{-7},-2 -2 -2 -2 -2 -2 -2,certified,,ms-train-0312,30
795,4,y^{-7},-2 -2 -2 -2 -2 -2 -2,certified,,ms-train-0313,29
796,5,y^{-7},-2 -2 -2 -2 -2 -2 -2,certified,,ms-train-0314,23
797,6,y^{-7},-2 -2 -2 -2 -2 -2 -2,certified,,ms-train-0315,13
798,7,y^{-7},-2 -2 -2 -2 -2 -2 -2,certified,,ms-train-0316,14
799,1,y^{-1}x^{-1}y^{-2}xy^{2},-2 -1 -2 -2 1 2 2,certified,,ms-train-0317,18
800,2,y^{-1}x^{-1}y^{-2}xy^{2},-2 -1 -2 -2 1 2 2,certified,,ms-train-0318,17
801,3,y^{-1}x^{-1}y^{-2}xy^{2},-2 -1 -2 -2 1 2 2,certified,,ms-train-0319,49
802,4,y^{-1}x^{-1}y^{-2}xy^{2},-2 -1 -2 -2 1 2 2,certified,,ms-train-0320,91
803,5,y^{-1}x^{-1}y^{-2}xy^{2},-2 -1 -2 -2 1 2 2,uncertified,,,
804,6,y^{-1}x^{-1}y^{-2}xy^{2},-2 -1 -2 -2 1 2 2,uncertified,,,
805,7,y^{-1}x^{-1}y^{-2}xy^{2},-2 -1 -2 -2 1 2 2,uncertified,,,
806,1,y^{-1}x^{-1}y^{-2}xy^{-2},-2 -1 -2 -2 1 -2 -2,certified,,ms-train-0321,19
807,2,y^{-1}x^{-1}y^{-2}xy^{-2},-2 -1 -2 -2 1 -2 -2,certified,,ms-train-0322,31
808,3,y^{-1}x^{-1}y^{-2}xy^{-2},-2 -1 -2 -2 1 -2 -2,uncertified,,,
809,4,y^{-1}x^{-1}y^{-2}xy^{-2},-2 -1 -2 -2 1 -2 -2,uncertified,,,
810,5,y^{-1}x^{-1}y^{-2}xy^{-2},-2 -1 -2 -2 1 -2 -2,open,16_5,,
811,6,y^{-1}x^{-1}y^{-2}xy^{-2},-2 -1 -2 -2 1 -2 -2,open,19_{36},,
812,7,y^{-1}x^{-1}y^{-2}xy^{-2},-2 -1 -2 -2 1 -2 -2,open,20_{11},,
813,1,y^{-1}x^{-1}y^{-3}xy,-2 -1 -2 -2 -2 1 2,certified,,ms-train-0323,34
814,2,y^{-1}x^{-1}y^{-3}xy,-2 -1 -2 -2 -2 1 2,certified,,ms-train-0324,96
815,3,y^{-1}x^{-1}y^{-3}xy,-2 -1 -2 -2 -2 1 2,certified,,ms-train-0325,20
816,4,y^{-1}x^{-1}y^{-3}xy,-2 -1 -2 -2 -2 1 2,open,15_1,,
817,5,y^{-1}x^{-1}y^{-3}xy,-2 -1 -2 -2 -2 1 2,open,17_{30},,
818,6,y^{-1}x^{-1}y^{-3}xy,-2 -1 -2 -2 -2 1 2,uncertified,,,
819,7,y^{-1}x^{-1}y^{-3}xy,-2 -1 -2 -2 -2 1 2,open,18_{11},,
820,1,y^{-1}x^{-1}y^{-3}xy^{-1},-2 -1 -2 -2 -2 1 -2,certified,,ms-train-0326,53
821,2,y^{-1}x^{-1}y^{-3}xy^{-1},-2 -1 -2 -2 -2 1 -2,uncertified,,,
822,3,y^{-1}x^{-1}y^{-3}xy^{-1},-2 -1 -2 -2 -2 1 -2,certified,,ms-train-0327,30
823,4,y^{-1}x^{-1}y^{-3}xy^{-1},-2 -1 -2 -2 -2 1 -2,uncertified,,,
824,5,y^{-1}x^{-1}y^{-3}xy^{-1},-2 -1 -2 -2 -2 1 -2,open,17_{31},,
825,6,y^{-1}x^{-1}y^{-3}xy^{-1},-2 -1 -2 -2 -2 1 -2,uncertified,,,
826,7,y^{-1}x^{-1}y^{-3}xy^{-1},-2 -1 -2 -2 -2 1 -2,open,19_{42},,
827,1,x^{-1}y^{-1}xy^{4},-1 -2 1 2 2 2 2,certified,,ms-train-0328,14
828,2,x^{-1}y^{-1}xy^{4},-1 -2 1 2 2 2 2,uncertified,,,
829,3,x^{-1}y^{-1}xy^{4},-1 -2 1 2 2 2 2,certified,,ms-train-0329,18
830,4,x^{-1}y^{-1}xy^{4},-1 -2 1 2 2 2 2,open,15_1,,
831,5,x^{-1}y^{-1}xy^{4},-1 -2 1 2 2 2 2,open,14_1,,
832,6,x^{-1}y^{-1}xy^{4},-1 -2 1 2 2 2 2,open,17_{40},,
833,7,x^{-1}y^{-1}xy^{4},-1 -2 1 2 2 2 2,uncertified,,,
834,1,x^{-1}y^{-1}x^{2}yx^{-1}y^{-1},-1 -2 1 1 2 -1 -2,certified,,ms-train-0330,39
835,2,x^{-1}y^{-1}x^{2}yx^{-1}y^{-1},-1 -2 1 1 2 -1 -2,open,15_8,,
836,3,x^{-1}y^{-1}x^{2}yx^{-1}y^{-1},-1 -2 1 1 2 -1 -2,open,17_{26},,
837,4,x^{-1}y^{-1}x^{2}yx^{-1}y^{-1},-1 -2 1 1 2 -1 -2,open,19_{29},,
838,5,x^{-1}y^{-1}x^{2}yx^{-1}y^{-1},-1 -2 1 1 2 -1 -2,open,21_{27},,
839,6,x^{-1}y^{-1}x^{2}yx^{-1}y^{-1},-1 -2 1 1 2 -1 -2,open,23_{20},,
840,7,x^{-1}y^{-1}x^{2}yx^{-1}y^{-1},-1 -2 1 1 2 -1 -2,open,25_{29},,
841,1,x^{-1}y^{-1}x^{2}y^{-1}x^{-1}y^{-1},-1 -2 1 1 -2 -1 -2,certified,,ms-train-0331,33
842,2,x^{-1}y^{-1}x^{2}y^{-1}x^{-1}y^{-1},-1 -2 1 1 -2 -1 -2,open,15_9,,
843,3,x^{-1}y^{-1}x^{2}y^{-1}x^{-1}y^{-1},-1 -2 1 1 -2 -1 -2,open,17_{27},,
844,4,x^{-1}y^{-1}x^{2}y^{-1}x^{-1}y^{-1},-1 -2 1 1 -2 -1 -2,open,19_{30},,
845,5,x^{-1}y^{-1}x^{2}y^{-1}x^{-1}y^{-1},-1 -2 1 1 -2 -1 -2,open,20_7,,
846,6,x^{-1}y^{-1}x^{2}y^{-1}x^{-1}y^{-1},-1 -2 1 1 -2 -1 -2,open,21_{33},,
847,7,x^{-1}y^{-1}x^{2}y^{-1}x^{-1}y^{-1},-1 -2 1 1 -2 -1 -2,open,25_{30},,
848,1,x^{-1}y^{-1}xy^{-4},-1 -2 1 -2 -2 -2 -2,certified,,ms-train-0332,23
849,2,x^{-1}y^{-1}xy^{-4},-1 -2 1 -2 -2 -2 -2,uncertified,,,
850,3,x^{-1}y^{-1}xy^{-4},-1 -2 1 -2 -2 -2 -2,certified,,ms-train-0333,19
851,4,x^{-1}y^{-1}xy^{-4},-1 -2 1 -2 -2 -2 -2,uncertified,,,
852,5,x^{-1}y^{-1}xy^{-4},-1 -2 1 -2 -2 -2 -2,uncertified,,,
853,6,x^{-1}y^{-1}xy^{-4},-1 -2 1 -2 -2 -2 -2,open,17_{39},,
854,7,x^{-1}y^{-1}xy^{-4},-1 -2 1 -2 -2 -2 -2,uncertified,,,
855,1,x^{-1}y^{-2}xy^{3},-1 -2 -2 1 2 2 2,certified,,ms-train-0334,17
856,2,x^{-1}y^{-2}xy^{3},-1 -2 -2 1 2 2 2,certified,,ms-train-0335,11
857,3,x^{-1}y^{-2}xy^{3},-1 -2 -2 1 2 2 2,certified,,ms-train-0336,72
858,4,x^{-1}y^{-2}xy^{3},-1 -2 -2 1 2 2 2,certified,,ms-train-0337,50
859,5,x^{-1}y^{-2}xy^{3},-1 -2 -2 1 2 2 2,certified,,ms-train-0338,37
860,6,x^{-1}y^{-2}xy^{3},-1 -2 -2 1 2 2 2,uncertified,,,
861,7,x^{-1}y^{-2}xy^{3},-1 -2 -2 1 2 2 2,open,19_{49},,
862,1,x^{-1}y^{-2}xy^{-3},-1 -2 -2 1 -2 -2 -2,certified,,ms-train-0339,40
863,2,x^{-1}y^{-2}xy^{-3},-1 -2 -2 1 -2 -2 -2,certified,,ms-train-0340,18
864,3,x^{-1}y^{-2}xy^{-3},-1 -2 -2 1 -2 -2 -2,open,13_1,,
865,4,x^{-1}y^{-2}xy^{-3},-1 -2 -2 1 -2 -2 -2,uncertified,,,
866,5,x^{-1}y^{-2}xy^{-3},-1 -2 -2 1 -2 -2 -2,uncertified,,,
867,6,x^{-1}y^{-2}xy^{-3},-1 -2 -2 1 -2 -2 -2,open,18_5,,
868,7,x^{-1}y^{-2}xy^{-3},-1 -2 -2 1 -2 -2 -2,open,21_{41},,
869,1,x^{-1}y^{-3}xy^{2},-1 -2 -2 -2 1 2 2,certified,,ms-train-0341,17
870,2,x^{-1}y^{-3}xy^{2},-1 -2 -2 -2 1 2 2,certified,,ms-train-0342,82
871,3,x^{-1}y^{-3}xy^{2},-1 -2 -2 -2 1 2 2,certified,,ms-train-0343,20
872,4,x^{-1}y^{-3}xy^{2},-1 -2 -2 -2 1 2 2,open,15_{10},,
873,5,x^{-1}y^{-3}xy^{2},-1 -2 -2 -2 1 2 2,open,16_4,,
874,6,x^{-1}y^{-3}xy^{2},-1 -2 -2 -2 1 2 2,certified,,ms-train-0344,59
875,7,x^{-1}y^{-3}xy^{2},-1 -2 -2 -2 1 2 2,open,19_{50},,
876,1,x^{-1}y^{-3}xy^{-2},-1 -2 -2 -2 1 -2 -2,certified,,ms-train-0345,17
877,2,x^{-1}y^{-3}xy^{-2},-1 -2 -2 -2 1 -2 -2,uncertified,,,
878,3,x^{-1}y^{-3}xy^{-2},-1 -2 -2 -2 1 -2 -2,certified,,ms-train-0346,40
879,4,x^{-1}y^{-3}xy^{-2},-1 -2 -2 -2 1 -2 -2,open,14_1,,
880,5,x^{-1}y^{-3}xy^{-2},-1 -2 -2 -2 1 -2 -2,uncertified,,,
881,6,x^{-1}y^{-3}xy^{-2},-1 -2 -2 -2 1 -2 -2,uncertified,,,
882,7,x^{-1}y^{-3}xy^{-2},-1 -2 -2 -2 1 -2 -2,open,21_{42},,
883,1,x^{-1}y^{-4}xy,-1 -2 -2 -2 -2 1 2,certified,,ms-train-0347,62
884,2,x^{-1}y^{-4}xy,-1 -2 -2 -2 -2 1 2,certified,,ms-train-0348,34
885,3,x^{-1}y^{-4}xy,-1 -2 -2 -2 -2 1 2,uncertified,,,
886,4,x^{-1}y^{-4}xy,-1 -2 -2 -2 -2 1 2,certified,,ms-train-0349,19
887,5,x^{-1}y^{-4}xy,-1 -2 -2 -2 -2 1 2,open,16_1,,
888,6,x^{-1}y^{-4}xy,-1 -2 -2 -2 -2 1 2,open,16_6,,
889,7,x^{-1}y^{-4}xy,-1 -2 -2 -2 -2 1 2,open,19_{51},,
890,1,x^{-1}y^{-4}xy^{-1},-1 -2 -2 -2 -2 1 -2,certified,,ms-train-0350,76
891,2,x^{-1}y^{-4}xy^{-1},-1 -2 -2 -2 -2 1 -2,certified,,ms-train-0351,43
892,3,x^{-1}y^{-4}xy^{-1},-1 -2 -2 -2 -2 1 -2,open,13_1,,
893,4,x^{-1}y^{-4}xy^{-1},-1 -2 -2 -2 -2 1 -2,certified,,ms-train-0352,34
894,5,x^{-1}y^{-4}xy^{-1},-1 -2 -2 -2 -2 1 -2,uncertified,,,
895,6,x^{-1}y^{-4}xy^{-1},-1 -2 -2 -2 -2 1 -2,open,16_7,,
896,7,x^{-1}y^{-4}xy^{-1},-1 -2 -2 -2 -2 1 -2,open,19_{52},,
897,1,x^{-1}y^{-1}x^{-1}y^{-1}x^{2}y,-1 -2 -1 -2 1 1 2,certified,,ms-train-0353,48
898,2,x^{-1}y^{-1}x^{-1}y^{-1}x^{2}y,-1 -2 -1 -2 1 1 2,open,14_1,,
899,3,x^{-1}y^{-1}x^{-1}y^{-1}x^{2}y,-1 -2 -1 -2 1 1 2,open,17_{28},,
900,4,x^{-1}y^{-1}x^{-1}y^{-1}x^{2}y,-1 -2 -1 -2 1 1 2,open,19_{31},,
901,5,x^{-1}y^{-1}x^{-1}y^{-1}x^{2}y,-1 -2 -1 -2 1 1 2,open,21_{28},,
902,6,x^{-1}y^{-1}x^{-1}y^{-1}x^{2}y,-1 -2 -1 -2 1 1 2,open,22_{11},,
903,7,x^{-1}y^{-1}x^{-1}y^{-1}x^{2}y,-1 -2 -1 -2 1 1 2,open,25_{31},,
904,1,x^{-1}y^{-1}x^{-1}y^{-1}x^{2}y^{-1},-1 -2 -1 -2 1 1 -2,certified,,ms-train-0354,49
905,2,x^{-1}y^{-1}x^{-1}y^{-1}x^{2}y^{-1},-1 -2 -1 -2 1 1 -2,open,14_2,,
906,3,x^{-1}y^{-1}x^{-1}y^{-1}x^{2}y^{-1},-1 -2 -1 -2 1 1 -2,open,17_{29},,
907,4,x^{-1}y^{-1}x^{-1}y^{-1}x^{2}y^{-1},-1 -2 -1 -2 1 1 -2,open,19_{32},,
908,5,x^{-1}y^{-1}x^{-1}y^{-1}x^{2}y^{-1},-1 -2 -1 -2 1 1 -2,open,21_{29},,
909,6,x^{-1}y^{-1}x^{-1}y^{-1}x^{2}y^{-1},-1 -2 -1 -2 1 1 -2,open,22_{12},,
910,7,x^{-1}y^{-1}x^{-1}y^{-1}x^{2}y^{-1},-1 -2 -1 -2 1 1 -2,open,25_{32},,
911,1,x^{-2}y^{-1}xyxy,-1 -1 -2 1 2 1 2,certified,,ms-train-0355,19
912,2,x^{-2}y^{-1}xyxy,-1 -1 -2 1 2 1 2,open,15_3,,
913,3,x^{-2}y^{-1}xyxy,-1 -1 -2 1 2 1 2,open,17_{22},,
914,4,x^{-2}y^{-1}xyxy,-1 -1 -2 1 2 1 2,open,19_{23},,
915,5,x^{-2}y^{-1}xyxy,-1 -1 -2 1 2 1 2,open,21_{21},,
916,6,x^{-2}y^{-1}xyxy,-1 -1 -2 1 2 1 2,open,23_{14},,
917,7,x^{-2}y^{-1}xyxy,-1 -1 -2 1 2 1 2,open,25_{23},,
918,1,x^{-2}y^{-1}xyxy^{-1},-1 -1 -2 1 2 1 -2,certified,,ms-train-0356,30
919,2,x^{-2}y^{-1}xyxy^{-1},-1 -1 -2 1 2 1 -2,open,15_5,,
920,3,x^{-2}y^{-1}xyxy^{-1},-1 -1 -2 1 2 1 -2,open,17_{23},,
921,4,x^{-2}y^{-1}xyxy^{-1},-1 -1 -2 1 2 1 -2,open,19_{24},,
922,5,x^{-2}y^{-1}xyxy^{-1},-1 -1 -2 1 2 1 -2,open,21_{22},,
923,6,x^{-2}y^{-1}xyxy^{-1},-1 -1 -2 1 2 1 -2,open,23_{15},,
924,7,x^{-2}y^{-1}xyxy^{-1},-1 -1 -2 1 2 1 -2,open,25_{24},,
925,1,x^{-2}y^{-1}x^{2}y^{2},-1 -1 -2 1 1 2 2,certified,,ms-train-0357,20
926,2,x^{-2}y^{-1}x^{2}y^{2},-1 -1 -2 1 1 2 2,open,15_9,,
927,3,x^{-2}y^{-1}x^{2}y^{2},-1 -1 -2 1 1 2 2,open,17_{20},,
928,4,x^{-2}y^{-1}x^{2}y^{2},-1 -1 -2 1 1 2 2,open,19_{21},,
929,5,x^{-2}y^{-1}x^{2}y^{2},-1 -1 -2 1 1 2 2,open,21_{19},,
930,6,x^{-2}y^{-1}x^{2}y^{2},-1 -1 -2 1 1 2 2,open,23_{12},,
931,7,x^{-2}y^{-1}x^{2}y^{2},-1 -1 -2 1 1 2 2,open,25_{21},,
932,1,x^{-2}y^{-1}x^{2}y^{-2},-1 -1 -2 1 1 -2 -2,certified,,ms-train-0358,26
933,2,x^{-2}y^{-1}x^{2}y^{-2},-1 -1 -2 1 1 -2 -2,open,15_6,,
934,3,x^{-2}y^{-1}x^{2}y^{-2},-1 -1 -2 1 1 -2 -2,open,17_{21},,
935,4,x^{-2}y^{-1}x^{2}y^{-2},-1 -1 -2 1 1 -2 -2,open,19_{22},,
936,5,x^{-2}y^{-1}x^{2}y^{-2},-1 -1 -2 1 1 -2 -2,open,21_{20},,
937,6,x^{-2}y^{-1}x^{2}y^{-2},-1 -1 -2 1 1 -2 -2,open,23_{13},,
938,7,x^{-2}y^{-1}x^{2}y^{-2},-1 -1 -2 1 1 -2 -2,open,25_{22},,
939,1,x^{-2}y^{-1}xy^{-1}xy,-1 -1 -2 1 -2 1 2,certified,,ms-train-0359,34
940,2,x^{-2}y^{-1}xy^{-1}xy,-1 -1 -2 1 -2 1 2,open,15_4,,
941,3,x^{-2}y^{-1}xy^{-1}xy,-1 -1 -2 1 -2 1 2,open,17_{24},,
942,4,x^{-2}y^{-1}xy^{-1}xy,-1 -1 -2 1 -2 1 2,open,19_{25},,
943,5,x^{-2}y^{-1}xy^{-1}xy,-1 -1 -2 1 -2 1 2,open,21_{23},,
944,6,x^{-2}y^{-1}xy^{-1}xy,-1 -1 -2 1 -2 1 2,open,23_{16},,
945,7,x^{-2}y^{-1}xy^{-1}xy,-1 -1 -2 1 -2 1 2,open,25_{25},,
946,1,x^{-2}y^{-1}xy^{-1}xy^{-1},-1 -1 -2 1 -2 1 -2,certified,,ms-train-0360,61
947,2,x^{-2}y^{-1}xy^{-1}xy^{-1},-1 -1 -2 1 -2 1 -2,open,15_2,,
948,3,x^{-2}y^{-1}xy^{-1}xy^{-1},-1 -1 -2 1 -2 1 -2,open,17_{25},,
949,4,x^{-2}y^{-1}xy^{-1}xy^{-1},-1 -1 -2 1 -2 1 -2,open,19_{26},,
950,5,x^{-2}y^{-1}xy^{-1}xy^{-1},-1 -1 -2 1 -2 1 -2,open,21_{24},,
951,6,x^{-2}y^{-1}xy^{-1}xy^{-1},-1 -1 -2 1 -2 1 -2,open,23_{17},,
952,7,x^{-2}y^{-1}xy^{-1}xy^{-1},-1 -1 -2 1 -2 1 -2,open,25_{26},,
953,1,x^{-2}y^{-2}x^{2}y,-1 -1 -2 -2 1 1 2,certified,,ms-train-0361,65
954,2,x^{-2}y^{-2}x^{2}y,-1 -1 -2 -2 1 1 2,certified,,ms-train-0362,66
955,3,x^{-2}y^{-2}x^{2}y,-1 -1 -2 -2 1 1 2,open,17_5,,
956,4,x^{-2}y^{-2}x^{2}y,-1 -1 -2 -2 1 1 2,open,19_{27},,
957,5,x^{-2}y^{-2}x^{2}y,-1 -1 -2 -2 1 1 2,open,21_{25},,
958,6,x^{-2}y^{-2}x^{2}y,-1 -1 -2 -2 1 1 2,open,23_{18},,
959,7,x^{-2}y^{-2}x^{2}y,-1 -1 -2 -2 1 1 2,open,25_{27},,
960,1,y^{-1}xy^{-2}x^{-1}y^{-2},-2 1 -2 -2 -1 -2 -2,certified,,ms-train-0363,25
961,2,y^{-1}xy^{-2}x^{-1}y^{-2},-2 1 -2 -2 -1 -2 -2,certified,,ms-train-0364,108
962,3,y^{-1}xy^{-2}x^{-1}y^{-2},-2 1 -2 -2 -1 -2 -2,uncertified,,,
963,4,y^{-1}xy^{-2}x^{-1}y^{-2},-2 1 -2 -2 -1 -2 -2,open,15_{11},,
964,5,y^{-1}xy^{-2}x^{-1}y^{-2},-2 1 -2 -2 -1 -2 -2,open,14_1,,
965,6,y^{-1}xy^{-2}x^{-1}y^{-2},-2 1 -2 -2 -1 -2 -2,open,17_{36},,
966,7,y^{-1}xy^{-2}x^{-1}y^{-2},-2 1 -2 -2 -1 -2 -2,open,21_{37},,
967,1,yx^{2}y^{2}x^{-2},2 1 1 2 2 -1 -1,certified,,ms-train-0365,20
968,2,yx^{2}y^{2}x^{-2},2 1 1 2 2 -1 -1,open,15_2,,
969,3,yx^{2}y^{2}x^{-2},2 1 1 2 2 -1 -1,open,17_2,,
970,4,yx^{2}y^{2}x^{-2},2 1 1 2 2 -1 -1,open,19_1,,
971,5,yx^{2}y^{2}x^{-2},2 1 1 2 2 -1 -1,open,21_2,,
972,6,yx^{2}y^{2}x^{-2},2 1 1 2 2 -1 -1,open,23_1,,
973,7,yx^{2}y^{2}x^{-2},2 1 1 2 2 -1 -1,open,25_1,,
974,1,y^{-1}xy^{-3}x^{-1}y^{-1},-2 1 -2 -2 -2 -1 -2,certified,,ms-train-0366,33
975,2,y^{-1}xy^{-3}x^{-1}y^{-1},-2 1 -2 -2 -2 -1 -2,certified,,ms-train-0367,27
976,3,y^{-1}xy^{-3}x^{-1}y^{-1},-2 1 -2 -2 -2 -1 -2,uncertified,,,
977,4,y^{-1}xy^{-3}x^{-1}y^{-1},-2 1 -2 -2 -2 -1 -2,open,14_1,,
978,5,y^{-1}xy^{-3}x^{-1}y^{-1},-2 1 -2 -2 -2 -1 -2,uncertified,,,
979,6,y^{-1}xy^{-3}x^{-1}y^{-1},-2 1 -2 -2 -2 -1 -2,open,17_{40},,
980,7,y^{-1}xy^{-3}x^{-1}y^{-1},-2 1 -2 -2 -2 -1 -2,open,19_{41},,
981,1,y^{-1}xy^{2}x^{-1}y^{-2},-2 1 2 2 -1 -2 -2,certified,,ms-train-0368,14
982,2,y^{-1}xy^{2}x^{-1}y^{-2},-2 1 2 2 -1 -2 -2,uncertified,,,
983,3,y^{-1}xy^{2}x^{-1}y^{-2},-2 1 2 2 -1 -2 -2,certified,,ms-train-0369,47
984,4,y^{-1}xy^{2}x^{-1}y^{-2},-2 1 2 2 -1 -2 -2,open,14_1,,
985,5,y^{-1}xy^{2}x^{-1}y^{-2},-2 1 2 2 -1 -2 -2,uncertified,,,
986,6,y^{-1}xy^{2}x^{-1}y^{-2},-2 1 2 2 -1 -2 -2,open,19_{34},,
987,7,y^{-1}xy^{2}x^{-1}y^{-2},-2 1 2 2 -1 -2 -2,open,20_{12},,
988,1,yx^{2}yx^{-1}y^{-1}x^{-1},2 1 1 2 -1 -2 -1,certified,,ms-train-0370,28
989,2,yx^{2}yx^{-1}y^{-1}x^{-1},2 1 1 2 -1 -2 -1,open,15_4,,
990,3,yx^{2}yx^{-1}y^{-1}x^{-1},2 1 1 2 -1 -2 -1,open,17_6,,
991,4,yx^{2}yx^{-1}y^{-1}x^{-1},2 1 1 2 -1 -2 -1,open,19_5,,
992,5,yx^{2}yx^{-1}y^{-1}x^{-1},2 1 1 2 -1 -2 -1,open,21_5,,
993,6,yx^{2}yx^{-1}y^{-1}x^{-1},2 1 1 2 -1 -2 -1,open,23_2,,
994,7,yx^{2}yx^{-1}y^{-1}x^{-1},2 1 1 2 -1 -2 -1,open,25_5,,
995,1,yx^{2}yx^{-2}y,2 1 1 2 -1 -1 2,certified,,ms-train-0371,51
996,2,yx^{2}yx^{-2}y,2 1 1 2 -1 -1 2,open,14_2,,
997,3,yx^{2}yx^{-2}y,2 1 1 2 -1 -1 2,open,17_4,,
998,4,yx^{2}yx^{-2}y,2 1 1 2 -1 -1 2,open,19_3,,
999,5,yx^{2}yx^{-2}y,2 1 1 2 -1 -1 2,open,21_3,,
1000,6,yx^{2}yx^{-2}y,2 1 1 2 -1 -1 2,open,22_5,,
1001,7,yx^{2}yx^{-2}y,2 1 1 2 -1 -1 2,open,25_3,,
1002,1,yx^{2}yx^{-2}y^{-1},2 1 1 2 -1 -1 -2,certified,,ms-train-0372,21
1003,2,yx^{2}yx^{-2}y^{-1},2 1 1 2 -1 -1 -2,open,14_2,,
1004,3,yx^{2}yx^{-2}y^{-1},2 1 1 2 -1 -1 -2,open,17_5,,
1005,4,yx^{2}yx^{-2}y^{-1},2 1 1 2 -1 -1 -2,open,19_4,,
1006,5,yx^{2}yx^{-2}y^{-1},2 1 1 2 -1 -1 -2,open,21_4,,
1007,6,yx^{2}yx^{-2}y^{-1},2 1 1 2 -1 -1 -2,open,22_6,,
1008,7,yx^{2}yx^{-2}y^{-1},2 1 1 2 -1 -1 -2,open,25_4,,
1009,1,yx^{2}y^{-2}x^{-2},2 1 1 -2 -2 -1 -1,certified,,ms-train-0373,13
1010,2,yx^{2}y^{-2}x^{-2},2 1 1 -2 -2 -1 -1,open,15_3,,
1011,3,yx^{2}y^{-2}x^{-2},2 1 1 -2 -2 -1 -1,open,17_{11},,
1012,4,yx^{2}y^{-2}x^{-2},2 1 1 -2 -2 -1 -1,open,19_{10},,
1013,5,yx^{2}y^{-2}x^{-2},2 1 1 -2 -2 -1 -1,open,21_9,,
1014,6,yx^{2}y^{-2}x^{-2},2 1 1 -2 -2 -1 -1,open,23_4,,
1015,7,yx^{2}y^{-2}x^{-2},2 1 1 -2 -2 -1 -1,open,25_{10},,
1016,1,yx^{2}y^{-1}x^{-1}yx^{-1},2 1 1 -2 -1 2 -1,certified,,ms-train-0374,27
1017,2,yx^{2}y^{-1}x^{-1}yx^{-1},2 1 1 -2 -1 2 -1,open,15_5,,
1018,3,yx^{2}y^{-1}x^{-1}yx^{-1},2 1 1 -2 -1 2 -1,open,17_7,,
1019,4,yx^{2}y^{-1}x^{-1}yx^{-1},2 1 1 -2 -1 2 -1,open,19_6,,
1020,5,yx^{2}y^{-1}x^{-1}yx^{-1},2 1 1 -2 -1 2 -1,open,21_6,,
1021,6,yx^{2}y^{-1}x^{-1}yx^{-1},2 1 1 -2 -1 2 -1,open,23_3,,
1022,7,yx^{2}y^{-1}x^{-1}yx^{-1},2 1 1 -2 -1 2 -1,open,25_6,,
1023,1,yx^{2}y^{-1}x^{-1}y^{-1}x^{-1},2 1 1 -2 -1 -2 -1,certified,,ms-train-0375,19
1024,2,yx^{2}y^{-1}x^{-1}y^{-1}x^{-1},2 1 1 -2 -1 -2 -1,open,15_2,,
1025,3,yx^{2}y^{-1}x^{-1}y^{-1}x^{-1},2 1 1 -2 -1 -2 -1,open,17_{10},,
1026,4,yx^{2}y^{-1}x^{-1}y^{-1}x^{-1},2 1 1 -2 -1 -2 -1,open,19_9,,
1027,5,yx^{2}y^{-1}x^{-1}y^{-1}x^{-1},2 1 1 -2 -1 -2 -1,open,20_5,,
1028,6,yx^{2}y^{-1}x^{-1}y^{-1}x^{-1},2 1 1 -2 -1 -2 -1,open,21_{31},,
1029,7,yx^{2}y^{-1}x^{-1}y^{-1}x^{-1},2 1 1 -2 -1 -2 -1,open,25_9,,
1030,1,yx^{2}y^{-1}x^{-2}y,2 1 1 -2 -1 -1 2,certified,,ms-train-0376,32
1031,2,yx^{2}y^{-1}x^{-2}y,2 1 1 -2 -1 -1 2,open,14_1,,
1032,3,yx^{2}y^{-1}x^{-2}y,2 1 1 -2 -1 -1 2,open,17_8,,
1033,4,yx^{2}y^{-1}x^{-2}y,2 1 1 -2 -1 -1 2,open,19_7,,
1034,5,yx^{2}y^{-1}x^{-2}y,2 1 1 -2 -1 -1 2,open,21_7,,
1035,6,yx^{2}y^{-1}x^{-2}y,2 1 1 -2 -1 -1 2,open,22_7,,
1036,7,yx^{2}y^{-1}x^{-2}y,2 1 1 -2 -1 -1 2,open,25_7,,
1037,1,yx^{2}y^{-1}x^{-2}y^{-1},2 1 1 -2 -1 -1 -2,certified,,ms-train-0377,15
1038,2,yx^{2}y^{-1}x^{-2}y^{-1},2 1 1 -2 -1 -1 -2,open,14_1,,
1039,3,yx^{2}y^{-1}x^{-2}y^{-1},2 1 1 -2 -1 -1 -2,open,17_9,,
1040,4,yx^{2}y^{-1}x^{-2}y^{-1},2 1 1 -2 -1 -1 -2,open,19_8,,
1041,5,yx^{2}y^{-1}x^{-2}y^{-1},2 1 1 -2 -1 -1 -2,open,21_8,,
1042,6,yx^{2}y^{-1}x^{-2}y^{-1},2 1 1 -2 -1 -1 -2,open,22_8,,
1043,7,yx^{2}y^{-1}x^{-2}y^{-1},2 1 1 -2 -1 -1 -2,open,25_8,,
1044,1,yxy^{-1}xyx^{-2},2 1 -2 1 2 -1 -1,certified,,ms-train-0378,25
1045,2,yxy^{-1}xyx^{-2},2 1 -2 1 2 -1 -1,open,15_8,,
1046,3,yxy^{-1}xyx^{-2},2 1 -2 1 2 -1 -1,open,17_{14},,
1047,4,yxy^{-1}xyx^{-2},2 1 -2 1 2 -1 -1,open,19_{13},,
1048,5,yxy^{-1}xyx^{-2},2 1 -2 1 2 -1 -1,open,21_{12},,
1049,6,yxy^{-1}xyx^{-2},2 1 -2 1 2 -1 -1,open,23_7,,
1050,7,yxy^{-1}xyx^{-2},2 1 -2 1 2 -1 -1,open,25_{13},,
1051,1,yxy^{-1}xy^{-1}x^{-2},2 1 -2 1 -2 -1 -1,certified,,ms-train-0379,10
1052,2,yxy^{-1}xy^{-1}x^{-2},2 1 -2 1 -2 -1 -1,open,15_9,,
1053,3,yxy^{-1}xy^{-1}x^{-2},2 1 -2 1 -2 -1 -1,open,17_{15},,
1054,4,yxy^{-1}xy^{-1}x^{-2},2 1 -2 1 -2 -1 -1,open,19_{14},,
1055,5,yxy^{-1}xy^{-1}x^{-2},2 1 -2 1 -2 -1 -1,open,21_{13},,
1056,6,yxy^{-1}xy^{-1}x^{-2},2 1 -2 1 -2 -1 -1,open,23_8,,
1057,7,yxy^{-1}xy^{-1}x^{-2},2 1 -2 1 -2 -1 -1,open,25_{14},,
1058,1,yxy^{-4}x^{-1},2 1 -2 -2 -2 -2 -1,certified,,ms-train-0380,10
1059,2,yxy^{-4}x^{-1},2 1 -2 -2 -2 -2 -1,uncertified,,,
1060,3,yxy^{-4}x^{-1},2 1 -2 -2 -2 -2 -1,certified,,ms-train-0381,21
1061,4,yxy^{-4}x^{-1},2 1 -2 -2 -2 -2 -1,open,15_1,,
1062,5,yxy^{-4}x^{-1},2 1 -2 -2 -2 -2 -1,open,14_1,,
1063,6,yxy^{-4}x^{-1},2 1 -2 -2 -2 -2 -1,open,17_{37},,
1064,7,yxy^{-4}x^{-1},2 1 -2 -2 -2 -2 -1,uncertified,,,
1065,1,yxy^{-3}x^{-1}y,2 1 -2 -2 -2 -1 2,certified,,ms-train-0382,8
1066,2,yxy^{-3}x^{-1}y,2 1 -2 -2 -2 -1 2,certified,,ms-train-0383,17
1067,3,yxy^{-3}x^{-1}y,2 1 -2 -2 -2 -1 2,open,13_1,,
1068,4,yxy^{-3}x^{-1}y,2 1 -2 -2 -2 -1 2,open,15_{10},,
1069,5,yxy^{-3}x^{-1}y,2 1 -2 -2 -2 -1 2,certified,,ms-train-0384,60
1070,6,yxy^{-3}x^{-1}y,2 1 -2 -2 -2 -1 2,open,17_{38},,
1071,7,yxy^{-3}x^{-1}y,2 1 -2 -2 -2 -1 2,open,18_8,,
1072,1,yxy^{-3}x^{-1}y^{-1},2 1 -2 -2 -2 -1 -2,certified,,ms-train-0385,14
1073,2,yxy^{-3}x^{-1}y^{-1},2 1 -2 -2 -2 -1 -2,certified,,ms-train-0386,17
1074,3,yxy^{-3}x^{-1}y^{-1},2 1 -2 -2 -2 -1 -2,open,13_1,,
1075,4,yxy^{-3}x^{-1}y^{-1},2 1 -2 -2 -2 -1 -2,open,15_{10},,
1076,5,yxy^{-3}x^{-1}y^{-1},2 1 -2 -2 -2 -1 -2,uncertified,,,
1077,6,yxy^{-3}x^{-1}y^{-1},2 1 -2 -2 -2 -1 -2,open,17_{38},,
1078,7,yxy^{-3}x^{-1}y^{-1},2 1 -2 -2 -2 -1 -2,open,18_8,,
1079,1,yxy^{-2}x^{-1}y^{2},2 1 -2 -2 -1 2 2,certified,,ms-train-0387,11
1080,2,yxy^{-2}x^{-1}y^{2},2 1 -2 -2 -1 2 2,uncertified,,,
1081,3,yxy^{-2}x^{-1}y^{2},2 1 -2 -2 -1 2 2,certified,,ms-train-0388,46
1082,4,yxy^{-2}x^{-1}y^{2},2 1 -2 -2 -1 2 2,open,14_1,,
1083,5,yxy^{-2}x^{-1}y^{2},2 1 -2 -2 -1 2 2,uncertified,,,
1084,6,yxy^{-2}x^{-1}y^{2},2 1 -2 -2 -1 2 2,open,19_{33},,
1085,7,yxy^{-2}x^{-1}y^{2},2 1 -2 -2 -1 2 2,open,19_{37},,
1086,1,yxy^{-2}x^{-1}y^{-2},2 1 -2 -2 -1 -2 -2,certified,,ms-train-0389,9
1087,2,yxy^{-2}x^{-1}y^{-2},2 1 -2 -2 -1 -2 -2,certified,,ms-train-0390,40
1088,3,yxy^{-2}x^{-1}y^{-2},2 1 -2 -2 -1 -2 -2,certified,,ms-train-0391,76
1089,4,yxy^{-2}x^{-1}y^{-2},2 1 -2 -2 -1 -2 -2,open,14_1,,
1090,5,yxy^{-2}x^{-1}y^{-2},2 1 -2 -2 -1 -2 -2,uncertified,,,
1091,6,yxy^{-2}x^{-1}y^{-2},2 1 -2 -2 -1 -2 -2,open,19_{33},,
1092,7,yxy^{-2}x^{-1}y^{-2},2 1 -2 -2 -1 -2 -2,open,17_{41},,
1093,1,yxy^{-1}x^{-1}y^{-3},2 1 -2 -1 -2 -2 -2,certified,,ms-train-0392,10
1094,2,yxy^{-1}x^{-1}y^{-3},2 1 -2 -1 -2 -2 -2,uncertified,,,
1095,3,yxy^{-1}x^{-1}y^{-3},2 1 -2 -1 -2 -2 -2,uncertified,,,
1096,4,yxy^{-1}x^{-1}y^{-3},2 1 -2 -1 -2 -2 -2,uncertified,,,
1097,5,yxy^{-1}x^{-1}y^{-3},2 1 -2 -1 -2 -2 -2,uncertified,,,
1098,6,yxy^{-1}x^{-1}y^{-3},2 1 -2 -1 -2 -2 -2,uncertified,,,
1099,7,yxy^{-1}x^{-1}y^{-3},2 1 -2 -1 -2 -2 -2,uncertified,,,
1100,1,yx^{-1}y^{-1}xy^{3},2 -1 -2 1 2 2 2,certified,,ms-train-0393,16
1101,2,yx^{-1}y^{-1}xy^{3},2 -1 -2 1 2 2 2,certified,,ms-train-0394,18
1102,3,yx^{-1}y^{-1}xy^{3},2 -1 -2 1 2 2 2,open,13_1,,
1103,4,yx^{-1}y^{-1}xy^{3},2 -1 -2 1 2 2 2,open,15_{11},,
1104,5,yx^{-1}y^{-1}xy^{3},2 -1 -2 1 2 2 2,uncertified,,,
1105,6,yx^{-1}y^{-1}xy^{3},2 -1 -2 1 2 2 2,open,17_{39},,
1106,7,yx^{-1}y^{-1}xy^{3},2 -1 -2 1 2 2 2,open,18_{10},,
1107,1,yx^{-1}y^{-1}x^{2}yx^{-1},2 -1 -2 1 1 2 -1,certified,,ms-train-0395,15
1108,2,yx^{-1}y^{-1}x^{2}yx^{-1},2 -1 -2 1 1 2 -1,open,14_1,,
1109,3,yx^{-1}y^{-1}x^{2}yx^{-1},2 -1 -2 1 1 2 -1,open,17_{16},,
1110,4,yx^{-1}y^{-1}x^{2}yx^{-1},2 -1 -2 1 1 2 -1,open,19_{19},,
1111,5,yx^{-1}y^{-1}x^{2}yx^{-1},2 -1 -2 1 1 2 -1,open,21_{17},,
1112,6,yx^{-1}y^{-1}x^{2}yx^{-1},2 -1 -2 1 1 2 -1,open,22_9,,
1113,7,yx^{-1}y^{-1}x^{2}yx^{-1},2 -1 -2 1 1 2 -1,open,25_{19},,
1114,1,yx^{-1}y^{-1}x^{2}y^{-1}x^{-1},2 -1 -2 1 1 -2 -1,certified,,ms-train-0396,25
1115,2,yx^{-1}y^{-1}x^{2}y^{-1}x^{-1},2 -1 -2 1 1 -2 -1,open,14_2,,
1116,3,yx^{-1}y^{-1}x^{2}y^{-1}x^{-1},2 -1 -2 1 1 -2 -1,open,17_{17},,
1117,4,yx^{-1}y^{-1}x^{2}y^{-1}x^{-1},2 -1 -2 1 1 -2 -1,open,19_{20},,
1118,5,yx^{-1}y^{-1}x^{2}y^{-1}x^{-1},2 -1 -2 1 1 -2 -1,open,21_{18},,
1119,6,yx^{-1}y^{-1}x^{2}y^{-1}x^{-1},2 -1 -2 1 1 -2 -1,open,22_{10},,
1120,7,yx^{-1}y^{-1}x^{2}y^{-1}x^{-1},2 -1 -2 1 1 -2 -1,open,25_{20},,
1121,1,yx^{-1}y^{-1}xy^{-3},2 -1 -2 1 -2 -2 -2,certified,,ms-train-0397,21
1122,2,yx^{-1}y^{-1}xy^{-3},2 -1 -2 1 -2 -2 -2,certified,,ms-train-0398,19
1123,3,yx^{-1}y^{-1}xy^{-3},2 -1 -2 1 -2 -2 -2,uncertified,,,
1124,4,yx^{-1}y^{-1}xy^{-3},2 -1 -2 1 -2 -2 -2,open,14_1,,
1125,5,yx^{-1}y^{-1}xy^{-3},2 -1 -2 1 -2 -2 -2,uncertified,,,
1126,6,yx^{-1}y^{-1}xy^{-3},2 -1 -2 1 -2 -2 -2,open,17_{40},,
1127,7,yx^{-1}y^{-1}xy^{-3},2 -1 -2 1 -2 -2 -2,open,19_{41},,
1128,1,yx^{-1}y^{-2}xy^{2},2 -1 -2 -2 1 2 2,certified,,ms-train-0399,15
1129,2,yx^{-1}y^{-2}xy^{2},2 -1 -2 -2 1 2 2,certified,,ms-train-0400,17
1130,3,yx^{-1}y^{-2}xy^{2},2 -1 -2 -2 1 2 2,certified,,ms-train-0401,38
1131,4,yx^{-1}y^{-2}xy^{2},2 -1 -2 -2 1 2 2,certified,,ms-train-0402,58
1132,5,yx^{-1}y^{-2}xy^{2},2 -1 -2 -2 1 2 2,uncertified,,,
1133,6,yx^{-1}y^{-2}xy^{2},2 -1 -2 -2 1 2 2,uncertified,,,
1134,7,yx^{-1}y^{-2}xy^{2},2 -1 -2 -2 1 2 2,uncertified,,,
1135,1,yx^{-1}y^{-2}xy^{-2},2 -1 -2 -2 1 -2 -2,certified,,ms-train-0403,22
1136,2,yx^{-1}y^{-2}xy^{-2},2 -1 -2 -2 1 -2 -2,certified,,ms-train-0404,33
1137,3,yx^{-1}y^{-2}xy^{-2},2 -1 -2 -2 1 -2 -2,certified,,ms-train-0405,99
1138,4,yx^{-1}y^{-2}xy^{-2},2 -1 -2 -2 1 -2 -2,uncertified,,,
1139,5,yx^{-1}y^{-2}xy^{-2},2 -1 -2 -2 1 -2 -2,open,16_5,,
1140,6,yx^{-1}y^{-2}xy^{-2},2 -1 -2 -2 1 -2 -2,open,19_{36},,
1141,7,yx^{-1}y^{-2}xy^{-2},2 -1 -2 -2 1 -2 -2,open,20_{11},,
1142,1,yx^{-1}y^{-3}xy,2 -1 -2 -2 -2 1 2,certified,,ms-train-0406,35
1143,2,yx^{-1}y^{-3}xy,2 -1 -2 -2 -2 1 2,certified,,ms-train-0407,57
1144,3,yx^{-1}y^{-3}xy,2 -1 -2 -2 -2 1 2,certified,,ms-train-0408,28
1145,4,yx^{-1}y^{-3}xy,2 -1 -2 -2 -2 1 2,open,15_1,,
1146,5,yx^{-1}y^{-3}xy,2 -1 -2 -2 -2 1 2,open,17_{30},,
1147,6,yx^{-1}y^{-3}xy,2 -1 -2 -2 -2 1 2,uncertified,,,
1148,7,yx^{-1}y^{-3}xy,2 -1 -2 -2 -2 1 2,open,18_{11},,
1149,1,yx^{-1}y^{-3}xy^{-1},2 -1 -2 -2 -2 1 -2,certified,,ms-train-0409,36
1150,2,yx^{-1}y^{-3}xy^{-1},2 -1 -2 -2 -2 1 -2,uncertified,,,
1151,3,yx^{-1}y^{-3}xy^{-1},2 -1 -2 -2 -2 1 -2,certified,,ms-train-0410,24
1152,4,yx^{-1}y^{-3}xy^{-1},2 -1 -2 -2 -2 1 -2,uncertified,,,
1153,5,yx^{-1}y^{-3}xy^{-1},2 -1 -2 -2 -2 1 -2,open,17_{31},,
1154,6,yx^{-1}y^{-3}xy^{-1},2 -1 -2 -2 -2 1 -2,uncertified,,,
1155,7,yx^{-1}y^{-3}xy^{-1},2 -1 -2 -2 -2 1 -2,open,19_{42},,
1156,1,yx^{-2}y^{-1}x^{2}y,2 -1 -1 -2 1 1 2,certified,,ms-train-0411,30
1157,2,yx^{-2}y^{-1}x^{2}y,2 -1 -1 -2 1 1 2,open,15_6,,
1158,3,yx^{-2}y^{-1}x^{2}y,2 -1 -1 -2 1 1 2,open,17_{18},,
1159,4,yx^{-2}y^{-1}x^{2}y,2 -1 -1 -2 1 1 2,open,19_{17},,
1160,5,yx^{-2}y^{-1}x^{2}y,2 -1 -1 -2 1 1 2,open,20_6,,
1161,6,yx^{-2}y^{-1}x^{2}y,2 -1 -1 -2 1 1 2,open,21_{32},,
1162,7,yx^{-2}y^{-1}x^{2}y,2 -1 -1 -2 1 1 2,open,25_{17},,
1163,1,yx^{-2}y^{-1}x^{2}y^{-1},2 -1 -1 -2 1 1 -2,certified,,ms-train-0412,31
1164,2,yx^{-2}y^{-1}x^{2}y^{-1},2 -1 -1 -2 1 1 -2,open,15_7,,
1165,3,yx^{-2}y^{-1}x^{2}y^{-1},2 -1 -1 -2 1 1 -2,open,17_{19},,
1166,4,yx^{-2}y^{-1}x^{2}y^{-1},2 -1 -1 -2 1 1 -2,open,19_{18},,
1167,5,yx^{-2}y^{-1}x^{2}y^{-1},2 -1 -1 -2 1 1 -2,open,21_{16},,
1168,6,yx^{-2}y^{-1}x^{2}y^{-1},2 -1 -1 -2 1 1 -2,open,23_{11},,
1169,7,yx^{-2}y^{-1}x^{2}y^{-1},2 -1 -1 -2 1 1 -2,open,25_{18},,
1170,1,y^{-1}xy^{3}x^{-1}y^{-1},-2 1 2 2 2 -1 -2,certified,,ms-train-0413,10
1171,2,y^{-1}xy^{3}x^{-1}y^{-1},-2 1 2 2 2 -1 -2,certified,,ms-train-0414,11
1172,3,y^{-1}xy^{3}x^{-1}y^{-1},-2 1 2 2 2 -1 -2,open,13_1,,
1173,4,y^{-1}xy^{3}x^{-1}y^{-1},-2 1 2 2 2 -1 -2,open,15_{11},,
1174,5,y^{-1}xy^{3}x^{-1}y^{-1},-2 1 2 2 2 -1 -2,certified,,ms-train-0415,50
1175,6,y^{-1}xy^{3}x^{-1}y^{-1},-2 1 2 2 2 -1 -2,open,17_{39},,
1176,7,y^{-1}xy^{3}x^{-1}y^{-1},-2 1 2 2 2 -1 -2,open,18_{10},,
1177,1,y^{-1}xyx^{-1}y^{-3},-2 1 2 -1 -2 -2 -2,certified,,ms-train-0416,23
1178,2,y^{-1}xyx^{-1}y^{-3},-2 1 2 -1 -2 -2 -2,certified,,ms-train-0417,90
1179,3,y^{-1}xyx^{-1}y^{-3},-2 1 2 -1 -2 -2 -2,uncertified,,,
1180,4,y^{-1}xyx^{-1}y^{-3},-2 1 2 -1 -2 -2 -2,uncertified,,,
1181,5,y^{-1}xyx^{-1}y^{-3},-2 1 2 -1 -2 -2 -2,uncertified,,,
1182,6,y^{-1}xyx^{-1}y^{-3},-2 1 2 -1 -2 -2 -2,uncertified,,,
1183,7,y^{-1}xyx^{-1}y^{-3},-2 1 2 -1 -2 -2 -2,uncertified,,,
1184,1,y^{7},2 2 2 2 2 2 2,certified,,ms-train-0418,31
1185,2,y^{7},2 2 2 2 2 2 2,certified,,ms-train-0419,38
1186,3,y^{7},2 2 2 2 2 2 2,certified,,ms-train-0420,40
1187,4,y^{7},2 2 2 2 2 2 2,certified,,ms-train-0421,55
1188,5,y^{7},2 2 2 2 2 2 2,certified,,ms-train-0422,36
1189,6,y^{7},2 2 2 2 2 2 2,certified,,ms-train-0423,13
1190,7,y^{7},2 2 2 2 2 2 2,certified,,ms-train-0424,45
